代號,名稱,市場,產業,當月營收(千元),當月YoY%,累計YoY%,第二月依據,公司備註
4113,聯上,上櫃,建材營造,581140.0,1096390.6,41.6,累計YoY 41.6%（無上月快照）,不動產於過戶時點認列營收，故波動較大。
6219,富旺,上櫃,建材營造,718148.0,316264.8,28194.6,累計YoY 28194.6%（無上月快照）,因建案完工入帳時間差異，本月營業收入及累計營業收入較去年同期產生較大波動。
4416,三圓,上櫃,建材營造,514602.0,5471.7,485.2,累計YoY 485.2%（無上月快照）,出售資產
2509,全坤建,上市,建材營造,1074517.0,5220.2,686.4,累計YoY 686.4%（無上月快照）,"本月營收及累計營收較去年同期增加,主要係完工認列全坤X101案售屋收入所致."
1418,東華,上市,紡織纖維,834.0,4533.3,19.5,累計YoY 19.5%（無上月快照）,配合客戶生產線出貨
1808,潤隆,上市,建材營造,1101405.0,3460.2,13488.3,累計YoY 13488.3%（無上月快照）,營收變動主要係本年度完工建案已陸續過戶交屋認列房地出售收入所致。
7740,熙特爾-創,上市,綠能環保,924253.0,1528.8,1510.8,累計YoY 1510.8%（無上月快照）,本月及本年營收較去年同期營收增加，主要係因依專案進度認列收入所致。
8926,台汽電,上市,油電燃氣業,6147340.0,1459.1,776.0,累計YoY 776.0%（無上月快照）,本月及累計合併營業收入較去年同期增加，主要係自115年起因將森霸、星 電、星元納入為子公司，故併入合併營收計算。
5525,順天,上市,建材營造,460075.0,1384.3,1413.1,累計YoY 1413.1%（無上月快照）,本月及本年累計營收較去年同期增加，係因今年母公司ONE 33及緮華完工交屋收入所致
9946,三發地產,上市,建材營造,44893.0,1180.8,3975.1,累計YoY 3975.1%（無上月快照）,本月及累月營收較去年同期增加，係因本月預售建案完工交屋入帳所致。
3073,天方能源,上櫃,綠能環保,52881.0,1107.9,314.7,累計YoY 314.7%（無上月快照）,營收增加主要為認列新電廠之試運轉期收入。
3535,晶彩科,上市,光電業,52322.0,1057.6,435.7,累計YoY 435.7%（無上月快照）,本公司以銷售機台為主，115年累計出售機台較去年同期增加，此為產業特性，尚屬正常。
2348,海悅,上市,其他,2077742.0,982.2,50.9,累計YoY 50.9%（無上月快照）,本月及本年度增減百分比達50％以上，係因本期認列新知段及後壁田段等建案營建收入
3629,地心引力,上櫃,文化創意業,5525.0,972.8,4456.3,累計YoY 4456.3%（無上月快照）,4556.44
7610,聯友金屬-創,上市,綠能環保,970895.0,722.0,509.7,累計YoY 509.7%（無上月快照）,7月單月及累積合併營收較去年同期分別增加722%及510%，主要在於鎢製品出貨量及出貨價格較去年同期增加所致。
2408,南亞科,上市,半導體業,43867609.0,719.6,660.9,累計YoY 660.9%（無上月快照）,受市場需求成長影響。
5386,青雲,上櫃,電腦及週邊設備業,1992270.0,716.2,522.0,累計YoY 522.0%（無上月快照）,本期及累計營收增加主要係記憶體模組、顯卡及伺服器銷售成長所致
3498,陽程,上櫃,其他電子業,429406.0,712.6,132.4,累計YoY 132.4%（無上月快照）,本月可完工案件較多所致
6265,方土昶,上櫃,電子通路業,631916.0,712.4,734.1,累計YoY 734.1%（無上月快照）,受市場需求成長影響
5289,宜鼎,上櫃,電腦及週邊設備業,8494810.0,636.5,548.8,累計YoY 548.8%（無上月快照）,本月營收及本年累計營收較去年同期增加係因出貨量增加及銷售單價上漲所致
5351,鈺創,上櫃,半導體業,2125060.0,590.8,481.1,累計YoY 481.1%（無上月快照）,本月營收及本年累計營收皆較去年同期增加，主係市場需求增加所致。
4529,淳紳,上櫃,其他,3015.0,549.8,309.0,累計YoY 309.0%（無上月快照）,"115/3月起加計子公司萊陽, 115/4月起加計金萊陽, 致營收增加."
8096,擎亞,上櫃,電子通路業,10407626.0,523.8,64.5,累計YoY 64.5%（無上月快照）,因伺服器記憶體出貨量增加，致使營收較去年同期成長
3006,晶豪科,上市,半導體業,6784662.0,491.1,281.5,累計YoY 281.5%（無上月快照）,本期營收較前期成長係因產品市場供需因素所致
6419,京晨科,上櫃,光電業,171113.0,474.5,195.3,累計YoY 195.3%（無上月快照）,美國子公司陸續接獲專案建置工程，致使營收增加
6177,達麗,上市,建材營造,1101399.0,470.0,637.8,累計YoY 637.8%（無上月快照）,本期營收較去年同期上升，主係本期「後壁田段三」完工過戶所致。
1595,川寶,上櫃,半導體業,111520.0,468.0,26.6,累計YoY 26.6%（無上月快照）,主係本月設備出貨增加所致
7828,創新服務,上櫃,半導體業,129614.0,397.2,235.8,累計YoY 235.8%（無上月快照）,"本月及累計營收成長顯著,主係終端需求強勁帶動設備出貨量提升。目前訂單能見度良好,後續將依時程持續交付,營運動能維持成長趨勢"
8299,群聯,上櫃,半導體業,27161687.0,377.6,263.5,累計YoY 263.5%（無上月快照）,係總出貨量及均價增加
8291,尚茂,上櫃,電子零組件業,271.0,359.3,200.4,累計YoY 200.4%（無上月快照）,2026 年 7 月營收較去年同期增加，主係訂單增加所致。
2059,川湖,上市,電子零組件業,6407256.0,355.5,136.6,累計YoY 136.6%（無上月快照）,新產品開始出貨，導致年對年營收增幅較大。
3713,新晶投控,上櫃,綠能環保,62589.0,336.4,82.9,累計YoY 82.9%（無上月快照）,綠電轉售電平台於去年底開始售電，使本期較去年同期增加
8112,至上,上市,電子通路業,76873576.0,333.5,180.4,累計YoY 180.4%（無上月快照）,營收大幅成長，主要係記憶體等零組件價格持續上漲，伺服器及手機客戶拉貨動能強勁所致。
3260,威剛,上櫃,半導體業,18379079.0,331.3,206.7,累計YoY 206.7%（無上月快照）,記憶體售價上漲
5345,馥鴻,上櫃,其他,2685.0,328.9,539.0,累計YoY 539.0%（無上月快照）,主係產品線成熟且結合經銷商銷售動能，導致較去年同期增加。
6199,天品,上櫃,其他,77561.0,316.3,679.0,累計YoY 679.0%（無上月快照）,"主係伺服器潔淨較去年本月增加56,569仟元，較去年累計增加351,465仟元;殯葬部份較去年累計增加135,135仟元。"
2451,創見,上市,半導體業,5195090.0,307.7,402.7,累計YoY 402.7%（無上月快照）,本月營收較去年同期增加主係市場價格上漲所致
6179,亞通,上櫃,其他,1097072.0,298.4,121.1,累計YoY 121.1%（無上月快照）,係因本期&#12079;程投&#12042;較去年同期增加所致
2344,華邦電,上市,半導體業,26773179.0,291.5,161.0,累計YoY 161.0%（無上月快照）,受市場供需影響。
8171,天宇,上櫃,綠能環保,80034.0,287.8,95.2,累計YoY 95.2%（無上月快照）,本月及本年累計營收較去年同期增加主要係太陽能及儲能工程收入增加所致
7711,永擎,上市,電腦及週邊設備業,5143796.0,286.2,70.8,累計YoY 70.8%（無上月快照）,客戶需求強勁
2465,麗臺,上市,電腦及週邊設備業,1070629.0,280.9,176.7,累計YoY 176.7%（無上月快照）,本月及本年累計營收較去年同期分別增加280.88%及176.72%，主係受惠於全球市場之人工智能應用相關產品需求所致。
3041,揚智,上市,半導體業,184990.0,270.6,61.1,累計YoY 61.1%（無上月快照）,去年受國際情勢影響代理商下單保守，今年需求回穩，營收成長。
5534,長虹,上市,建材營造,906787.0,269.8,63.4,累計YoY 63.4%（無上月快照）,本月營收較去年同期增加，主要係因本月過戶交屋數額較去年同期增加所致。
4772,台特化,上櫃,化學工業,324218.0,269.3,263.8,累計YoY 263.8%（無上月快照）,合併弘潔科技營業收入
6640,均華,上櫃,半導體業,688933.0,266.0,72.7,累計YoY 72.7%（無上月快照）,配合客戶出貨
5475,德宏,上櫃,電子零組件業,229336.0,264.0,149.9,累計YoY 149.9%（無上月快照）,市場價格及需求數量上漲
2073,雄順,上櫃,鋼鐵工業,147018.0,247.8,58.0,累計YoY 58.0%（無上月快照）,主因今年第二季起開始增加購料含料自製生產銷售，使得營業收入增加。
6576,逸達,上櫃,生技醫療業,30280.0,242.1,26.5,累計YoY 26.5%（無上月快照）,本月營收較去年同期增加，係因前期未有銷貨收入所致。
2442,新美齊,上市,建材營造,47983.0,233.9,396.7,累計YoY 396.7%（無上月快照）,本年累計營收較去年同期增加，主係本期營建專案交屋認列收入增加所致。
4973,廣穎電通,上櫃,半導體業,1008161.0,228.1,126.7,累計YoY 126.7%（無上月快照）,本月營收較去年同期增加係因市場價格上漲所致
6425,易發,上櫃,電機機械,178759.0,226.9,51.7,累計YoY 51.7%（無上月快照）,因應客戶產能建置，以致使我司營收相較去年同期增加。
6541,泰福-KY,上市,生技醫療業,53787.0,218.6,258.4,累計YoY 258.4%（無上月快照）,CDMO業務主要採完工比例認列，依投入工時計算。
5514,三豐,上櫃,建材營造,1528.0,217.0,19921.8,累計YoY 19921.8%（無上月快照）,本月營收因認列委建收入，致使較去年同期增加。本年累計營收因委建及三豐AIT完工認列收入，致使本年累計營收較去年同期增加。
8487,愛爾達-創,上市,數位雲端,272891.0,207.5,80.3,累計YoY 80.3%（無上月快照）,月營收年增率207.49%、年營收年增率80.32%，主係本月轉播FIFA世界盃足球賽所致。
3135,凌航,上市,半導體業,1967120.0,204.3,247.3,累計YoY 247.3%（無上月快照）,市場價格上漲及需求增加。
6654,天正國際,上櫃,其他電子業,90547.0,203.5,116.8,累計YoY 116.8%（無上月快照）,主係因為客戶需求增加及新設備出貨所致
7750,新代,上市,電機機械,2869712.0,202.6,95.4,累計YoY 95.4%（無上月快照）,開發客戶及穩固市場關係策略，成果持續發酵。
2025,千興,上市,鋼鐵工業,112761.0,200.8,144.7,累計YoY 144.7%（無上月快照）,本月及本年營收較去年同期增加，係因鎳價上漲帶動不銹鋼售價提高，另一因素為去年基期較低，造成增加數大幅成長。
6907,雅特力-KY,上櫃,半導體業,402798.0,198.5,104.9,累計YoY 104.9%（無上月快照）,終端市場需求成長帶動營收大幅增加
2305,全友,上市,電腦及週邊設備業,178558.0,197.8,96.8,累計YoY 96.8%（無上月快照）,"受惠於AI及大數據發展,光電子設備需求強勁"
4154,樂威科-KY,上櫃,其他,5455.0,197.4,57.5,累計YoY 57.5%（無上月快照）,115年7月增加服飾配件銷售業務、泰國房屋租賃維持滿租，故營收增加。
6933,AMAX-KY,上市,電腦及週邊設備業,1439432.0,197.4,36.6,累計YoY 36.6%（無上月快照）,本期營收受惠於核心產品市場需求持續成長，相關業務穩健推進，帶動整體營運規模擴大，並逐步展現AI基礎設施市場布局成效。
2542,興富發,上市,建材營造,4808113.0,196.6,404.3,累計YoY 404.3%（無上月快照）,本期較去年同期增加，係本期認列「青山440」、「福山案」、「復興北」、「VVS1」、「市政愛&#24742;」等新建案收入所致。
8047,星雲,上櫃,其他電子業,87002.0,193.6,32.8,累計YoY 32.8%（無上月快照）,主係新增合併個體-天良
5522,遠雄,上市,建材營造,3552998.0,189.2,453.3,累計YoY 453.3%（無上月快照）,本月及截至本月累計營收較去年同期增加，主要係交屋量較去年同期完工可交屋成屋量增加所致。
2438,翔耀,上市,光電業,137900.0,185.6,60.8,累計YoY 60.8%（無上月快照）,因國軍服裝供售案營運實質改變，自115年起營收認列方式由代採購淨額利潤認列營收改為實質買賣銷售認列營收，因此較去年同期增加
6589,台康生技,上市,生技醫療業,211799.0,184.0,70.9,累計YoY 70.9%（無上月快照）,本月及本年營收較去年同期增加主係自有產品之授權金逐步認列及CDMO業務成長所致。
3631,晟楠,上櫃,電子零組件業,6997.0,181.8,43.0,累計YoY 43.0%（無上月快照）,本月收入較去年同期營收增多肇因於錫价上漲50%多
2337,旺宏,上市,半導體業,7724730.0,180.5,137.8,累計YoY 137.8%（無上月快照）,受市場需求增加影響。
6691,洋基工程,上市,其他電子業,4763774.0,177.1,98.1,累計YoY 98.1%（無上月快照）,本月營收較去年同期增加177.06%，主要係因本月正在投入進行的專案較去年同期增加所致。
3081,聯亞,上櫃,通信網路業,501210.0,176.5,121.0,累計YoY 121.0%（無上月快照）,數據中心產品出貨量較同期增加
2360,致茂,上市,其他電子業,5434240.0,175.3,101.5,累計YoY 101.5%（無上月快照）,訂單增長，營運動能強勁
6111,光聚晶電,上櫃,文化創意業,1149419.0,174.7,152.1,累計YoY 152.1%（無上月快照）,新增子公司光罩(股票代號:2338)營收
2724,藝舍-KY,上櫃,其他,34185.0,174.6,44.6,累計YoY 44.6%（無上月快照）,營收增加係因代銷個案銷售及裝潢收入成長所致。
6113,亞矽,上櫃,電子通路業,120638.0,170.4,64.9,累計YoY 64.9%（無上月快照）,產品需求增加所致
5508,永信建,上櫃,建材營造,275059.0,170.3,42.5,累計YoY 42.5%（無上月快照）,營收隨完工案量多寡而變化乃屬建設業特性，故本期業績大幅成長尚屬合理。
5443,均豪,上櫃,半導體業,837103.0,165.6,22.4,累計YoY 22.4%（無上月快照）,配合客戶出貨
8271,宇瞻,上市,半導體業,2791191.0,165.0,235.5,累計YoY 235.5%（無上月快照）,本月營收較去年同期增加係因市場價格大幅上漲所致
4934,太極,上市,光電業,16682.0,163.9,157.9,累計YoY 157.9%（無上月快照）,受惠於子公司營收挹注，本月及累計營收較去年同期成長。
3266,昇陽,上市,建材營造,177536.0,163.1,66.1,累計YoY 66.1%（無上月快照）,因營建收入受政策、全部完工法及建案規模不同等影響，故營收波動較大。
6903,巨漢,上櫃,其他電子業,600396.0,160.9,254.5,累計YoY 254.5%（無上月快照）,本月營收較去年同期增加50%以上，主係目前進行中之專案本月進入施工高峰期所致
4931,新盛力,上櫃,電腦及週邊設備業,449435.0,159.5,82.0,累計YoY 82.0%（無上月快照）,因資料中心需求上升，故本月及本年累計營收較去年同期增加。
3443,創意,上市,半導體業,5769170.0,158.4,102.5,累計YoY 102.5%（無上月快照）,主要為晶圓產品收入增加
6152,百一,上市,通信網路業,302252.0,156.1,45.6,累計YoY 45.6%（無上月快照）,客戶需求增加
6515,穎崴,上市,半導體業,1600351.0,155.6,82.3,累計YoY 82.3%（無上月快照）,受惠於全球AI及HPC客戶需求持續強勁，高階測試座Coaxial Socket及 MEMS 探針卡持續拉貨，本月營收變動達50%以上。
3167,大量,上市,電機機械,1146916.0,152.9,131.8,累計YoY 131.8%（無上月快照）,主係因客戶需求量增加所致
2547,日勝生,上市,建材營造,1221328.0,152.3,60.2,累計YoY 60.2%（無上月快照）,本月及本年度增加除工案工進增加外，主係建案完工陸續交屋所致。
5314,世紀*,上櫃,其他,552778.0,149.6,159.9,累計YoY 159.9%（無上月快照）,本月主要成長係生技產品營收增加及子公司營收增加，致本月及本年度營收較去年同期增加。
6531,愛普*,上市,半導體業,1103906.0,144.6,102.9,累計YoY 102.9%（無上月快照）,因市場需求相對增加所致
2425,承啟,上市,電腦及週邊設備業,1909626.0,143.6,120.8,累計YoY 120.8%（無上月快照）,"1.主係為子公司營業收入增加。2.以上金額包含停業單位營業收入115年1-7月8,948,919仟元,114年1-7月3,124,389仟元"
1340,勝悅-KY,上市,塑膠工業,7274.0,138.9,35.6,累計YoY 35.6%（無上月快照）,公司停業舊營業項目並新增項目，營收較去年成長；更正114年第3季及全年財報，致本、去年營收及累積營收產生差異。
6210,慶生,上櫃,電子零組件業,42873.0,138.8,58.7,累計YoY 58.7%（無上月快照）,訂單增加
8499,鼎炫-KY,上市,其他電子業,376778.0,135.9,93.6,累計YoY 93.6%（無上月快照）,較去年同期增加比率大於50%係因於2025年8、9月分別收購常州威斯雙聯科技有限公司及蘇州德佑新材料科技有限公司所致
1449,佳和,上市,紡織纖維,371228.0,133.6,46.4,累計YoY 46.4%（無上月快照）,訂單增加
8087,麗升能源,上櫃,綠能環保,27557.0,133.5,264.7,累計YoY 264.7%（無上月快照）,本月及本年累計營收較去年同期及去年累計數增加，主要係因本月EPC工程案件依進度認列收入所致。
2485,兆赫,上市,通信網路業,311758.0,133.4,87.7,累計YoY 87.7%（無上月快照）,因客戶端產品驗證通過，正式進入量產與備貨階段，帶動出貨量顯著提升，致使本月營收較去年同期大幅成長。
2467,志聖,上市,電子零組件業,1167511.0,132.7,87.0,累計YoY 87.0%（無上月快照）,係因客戶需求提升，以致115年7月單月營收成長率較去年同期增加132.73%；115年累計營收成長率較去年同期增加87.05%。
3515,華擎,上市,電腦及週邊設備業,6610427.0,131.3,18.9,累計YoY 18.9%（無上月快照）,"“本年累計營業收入淨額”採年平均匯率計算,“本月營業收入淨額”採該月平均匯率計算,故累計營收淨額與各月營收淨額加總會有差異"
2382,廣達,上市,電腦及週邊設備業,366274080.0,131.3,92.7,累計YoY 92.7%（無上月快照）,產品組合變更
2383,台光電,上市,電子零組件業,19206698.0,129.4,89.4,累計YoY 89.4%（無上月快照）,受惠於AI伺服器成長力道
4916,事欣科,上市,電腦及週邊設備業,520554.0,128.9,58.4,累計YoY 58.4%（無上月快照）,受惠於國防、航太及通訊客戶需求強勁，低軌道衛星產品持續拉貨，本月營收變動達50%以上。
4739,康普,上市,化學工業,975627.0,128.9,121.3,累計YoY 121.3%（無上月快照）,本月營收及累計營收較去年同期增加，主係動力電池材料銷售增加。
6658,聯策,上市,其他電子業,198794.0,128.2,17.8,累計YoY 17.8%（無上月快照）,配合客戶訂單時程交貨，故本月營收較去年本月上升
7631,聚賢研發-創,上市,其他電子業,166857.0,128.2,116.2,累計YoY 116.2%（無上月快照）,本月營收較去年同期成長，主要受惠於新加坡訂單挹注。
7767,仁大資訊,上櫃,資訊服務業,322536.0,127.4,49.1,累計YoY 49.1%（無上月快照）,主係因應客戶需求，於本月持續出貨所致。
2347,聯強,上市,電子通路業,72339062.0,126.9,84.5,累計YoY 84.5%（無上月快照）,本月營收較去年同期增加127%，主係受惠於AI建置熱潮帶動資料中心相關產品市場需求所致；另自結數前期調整列入累計營收
8937,合騏*,上櫃,其他,7783.0,125.9,839.1,累計YoY 839.1%（無上月快照）,客戶需求增加帶動營收
4806,桂田文創,上櫃,文化創意業,11713.0,125.0,173.3,累計YoY 173.3%（無上月快照）,各業務團隊的整合開始發揮綜效，形塑娛樂產業一條龍的完整服務架構。
6274,台燿,上櫃,電子零組件業,5908074.0,121.5,91.3,累計YoY 91.3%（無上月快照）,產品組合優化
2501,國建,上市,建材營造,2481445.0,119.7,35.3,累計YoY 35.3%（無上月快照）,本月交屋入帳增加
6465,威潤,上櫃,通信網路業,45076.0,119.2,85.7,累計YoY 85.7%（無上月快照）,本月因增加其他電子產品銷售、致本月較上期營收增加
3028,增你強,上市,電子通路業,7334078.0,117.6,96.8,累計YoY 96.8%（無上月快照）,主要係因記憶體產品及AI伺服器電源相關應用產品銷售額增加所致。
3147,大綜,上櫃,資訊服務業,1565626.0,117.4,101.2,累計YoY 101.2%（無上月快照）,主要係出貨處於高峰期，致本月營收與累計營收較去年同期大幅增加。
3324,雙鴻,上櫃,其他電子業,3765466.0,116.7,83.3,累計YoY 83.3%（無上月快照）,成長動能來自AI伺服器液冷散熱系統市佔率持續攀升。
8068,全達,上櫃,電子通路業,112884.0,116.4,78.6,累計YoY 78.6%（無上月快照）,新增子公司營收
6863,永道-KY,上市,通信網路業,566039.0,116.2,39.4,累計YoY 39.4%（無上月快照）,本月較去年同期成長116.16%，係去年同期收入受對等關稅影響。
6225,天瀚,上市,光電業,2753.0,112.9,36.9,累計YoY 36.9%（無上月快照）,本期營收增加，主要係本公司客戶端需求增加所致。
6234,高僑,上櫃,光電業,60801.0,111.5,27.8,累計YoY 27.8%（無上月快照）,本月專案驗收入帳金額較高
1599,宏佳騰,上櫃,電機機械,249147.0,111.4,17.9,累計YoY 17.9%（無上月快照）,市場需求提升客戶增加拉貨所致
6588,東典光電,上櫃,通信網路業,30934.0,110.5,129.0,累計YoY 129.0%（無上月快照）,光通與網通需求回升帶動營收回穩
7810,捷創科技,上櫃,半導體業,83863.0,109.8,74.2,累計YoY 74.2%（無上月快照）,本月營收及本年累計營收較去年同期增加50%以上之原因，主要係各產品線銷售較去年同期成長所致。
6693,廣閎科,上櫃,半導體業,242458.0,108.9,87.4,累計YoY 87.4%（無上月快照）,終端需求增加及新品導入量產
6885,全福生技,上市,生技醫療業,839.0,108.7,267.1,累計YoY 267.1%（無上月快照）,諮詢服務收入、含子公司營業收入
4523,永彰,上櫃,電機機械,67130.0,106.5,75.9,累計YoY 75.9%（無上月快照）,主係本期專案結案及工程收入認列所致。
2072,世紀風電,上市,綠能環保,1571712.0,105.7,68.6,累計YoY 68.6%（無上月快照）,本月營收較去年本月增加，主要係因本月承接工程案件依進度認列收入較高所致
5291,邑昇,上櫃,電子零組件業,185331.0,105.6,43.5,累計YoY 43.5%（無上月快照）,主要為客戶需求增加所致。
4989,榮科,上市,電子零組件業,339461.0,105.4,68.9,累計YoY 68.9%（無上月快照）,主係銷售量增加及銅價上漲
4542,科嶠,上櫃,電子零組件業,116044.0,104.5,41.6,累計YoY 41.6%（無上月快照）,受益於半導體需求強勁與訂單增加，加上機台出貨順暢及設備陸續完成驗收，帶動交付效率提升，本期營收較去年同期顯著成長。
7744,崴寶,上櫃,電子零組件業,460037.0,104.4,90.6,累計YoY 90.6%（無上月快照）,主係客戶訂單增加及產品組合變化所致。
8093,保銳,上櫃,電子零組件業,23222.0,104.4,42.6,累計YoY 42.6%（無上月快照）,大陸內陸銷售增加所致
5498,凱崴,上櫃,電子零組件業,226252.0,103.0,68.0,累計YoY 68.0%（無上月快照）,主係鑽針收入成長，因AI產品暢旺，對鑽針的消耗大幅增加，鑽針需求量及價格皆有所提升。
8021,尖點,上市,其他電子業,730488.0,102.6,72.3,累計YoY 72.3%（無上月快照）,本月增減百分比或本年增減百分比達50%以上：主要係市場需求增加所致。
6245,立端,上櫃,通信網路業,1053432.0,102.5,18.0,累計YoY 18.0%（無上月快照）,係因客戶出貨需求增加所致。
6716,應廣,上櫃,半導體業,169513.0,102.1,60.3,累計YoY 60.3%（無上月快照）,基期低及下游客戶備貨增加
1316,上曜,上市,建材營造,695494.0,102.0,127.1,累計YoY 127.1%（無上月快照）,主因子公司營收上升，致本年度營收較去年同期增加。
3709,鑫聯大投控,上櫃,電腦及週邊設備業,6513387.0,101.5,41.1,累計YoY 41.1%（無上月快照）,DRAM及CPU持續熱持，並有大型專案出貨。
6196,帆宣,上市,其他電子業,7518568.0,101.4,47.4,累計YoY 47.4%（無上月快照）,115年7月單月合併營收較去年同期增加，主要係銷貨收入及工程收入增加所致。
7769,鴻勁,上市,半導體業,5245898.0,100.8,93.2,累計YoY 93.2%（無上月快照）,主要係因市場需求較去年同期成長所致。
6629,泰金-KY,上櫃,居家生活,240320.0,99.5,92.5,累計YoY 92.5%（無上月快照）,新系列產品訂單成長
6739,竹陞科技,上櫃,其他電子業,138046.0,99.5,97.1,累計YoY 97.1%（無上月快照）,因客戶產線升級需求
8024,佑華,上櫃,半導體業,16239.0,99.5,22.1,累計YoY 22.1%（無上月快照）,本月營收較去年同期增加，主係客戶需求增加。
7788,松川精密,上市,電子零組件業,986396.0,99.4,36.9,累計YoY 36.9%（無上月快照）,去年同期基期較低、主要客戶訂單增加，致營收成長。
6570,維田,上櫃,電腦及週邊設備業,106949.0,99.2,28.3,累計YoY 28.3%（無上月快照）,受惠自動化專案在美洲及歐洲市場持續發酵。
4967,十銓,上市,半導體業,2544932.0,98.7,71.3,累計YoY 71.3%（無上月快照）,因出貨量增加及銷售單價上漲所致。
4949,有成精密,上市,光電業,364461.0,98.6,47.6,累計YoY 47.6%（無上月快照）,主要係本期太陽能模組銷售量較去年同期增加所致。
3450,聯鈞,上市,半導體業,1218533.0,98.0,20.3,累計YoY 20.3%（無上月快照）,因客戶需求增加，致使營收增加。
8054,安國,上櫃,半導體業,633047.0,97.9,164.7,累計YoY 164.7%（無上月快照）,主係訂單陸續於本年度出貨所致。
5302,太欣,上櫃,半導體業,4137.0,97.8,79.5,累計YoY 79.5%（無上月快照）,本月營收成長係分批訂單因生產進度改一次性出貨，今年累計營收成長係提供技術服務予關係人。
5274,信驊,上櫃,半導體業,1524018.0,97.6,68.1,累計YoY 68.1%（無上月快照）,本月及本年增減百分比達50%以上者，主係伺服器晶片營收較去年同期成長所致。
3234,光環,上櫃,通信網路業,96043.0,96.9,16.4,累計YoY 16.4%（無上月快照）,主要受客戶訂單需求增加影響
6213,聯茂,上市,電子零組件業,4749174.0,96.9,34.7,累計YoY 34.7%（無上月快照）,受惠於漲價效應和AI相關需求成長
3285,微端,上櫃,其他電子業,104722.0,96.0,84.4,累計YoY 84.4%（無上月快照）,因醫療產品及PCB鑽孔設備銷售量增加，致使整體營收較去年同期增加。
6023,元大期貨,上櫃,金融業,513559.0,95.8,45.1,累計YoY 45.1%（無上月快照）,主係手續費收入增加
3036,文曄,上市,電子通路業,182965655.0,94.9,111.0,累計YoY 111.0%（無上月快照）,主要受惠於資料中心、通訊及工業應用需求成長
5355,佳總,上櫃,電子零組件業,69023.0,94.8,28.7,累計YoY 28.7%（無上月快照）,本月營業額增加主要原因為原物料價格上漲而調漲產品售價，終端客戶預期產品售價持續走高提前拉貨，帶動出貨量與營收的成長。
8076,伍豐,上櫃,電腦及週邊設備業,253776.0,93.9,48.4,累計YoY 48.4%（無上月快照）,國外彩票機專案出貨
2543,皇昌,上市,建材營造,1766665.0,93.8,60.8,累計YoY 60.8%（無上月快照）,新承攬工程進入施工期，致本期營收較去年同期增加。
6209,今國光,上市,光電業,524235.0,93.2,64.0,累計YoY 64.0%（無上月快照）,客戶需求增加。
3003,健和興,上市,電子零組件業,657875.0,93.0,39.8,累計YoY 39.8%（無上月快照）,受市場供需影響。
6130,上亞科技,上櫃,生技醫療業,22411.0,92.7,23.7,累計YoY 23.7%（無上月快照）,藥品收入及加工收入增加
6446,藥華藥,上市,生技醫療業,2507284.0,92.6,77.5,累計YoY 77.5%（無上月快照）,本月及本年累計營收較去年成長，主要來自認列子公司PharmaEssentia USA Corp.之營收。
3054,立萬利,上市,食品工業,35329.0,92.4,446.5,累計YoY 446.5%（無上月快照）,主係因本期產品結構改變致銷售金額增加。
6259,百徽,上櫃,電子零組件業,74415.0,92.2,54.3,累計YoY 54.3%（無上月快照）,主係客戶訂單成長，以致營收較前期增加。
9958,世紀鋼,上市,鋼鐵工業,1931466.0,91.2,36.2,累計YoY 36.2%（無上月快照）,本月增加百分比50%以上，主要係風力事業案依進度如期交貨及相關工程收入挹注所致。
3653,健策,上市,電子零組件業,3213171.0,91.0,36.0,累計YoY 36.0%（無上月快照）,因客戶端需求成長，致本月較去年同期增加百分比達50%以上。
3702,大聯大,上市,電子通路業,146095597.0,90.8,59.9,累計YoY 59.9%（無上月快照）,全球科技與能源設施擴建帶動半導體及電子零組件動能，車用、工控需求穩步推進，智能倉儲管理與資訊系統整合服務需求同步擴增。
6672,騰輝電子-KY,上市,電子零組件業,665315.0,90.8,42.5,累計YoY 42.5%（無上月快照）,航太與國防領域高毛利聚醯亞胺（PI）材料需求成長、漲價效應及高速訂單增加
6884,海柏特,上櫃,資訊服務業,174463.0,90.0,30.0,累計YoY 30.0%（無上月快照）,115年七月份營收較去年同期增長，主係市場需求增加及收購Miifix Digital Sdn Bhd所致。
3290,東浦,上櫃,電子零組件業,366177.0,89.9,85.0,累計YoY 85.0%（無上月快照）,主要係併入BI-LINK 公司之營業收入。
6285,啟碁,上市,通信網路業,16912812.0,89.8,32.0,累計YoY 32.0%（無上月快照）,客戶需求增加
6922,宸曜,上櫃,電腦及週邊設備業,283197.0,89.3,43.7,累計YoY 43.7%（無上月快照）,本月較去年同期增加，主要係因出貨量增加所致。
6834,天二科技,上市,電子零組件業,242978.0,88.2,44.3,累計YoY 44.3%（無上月快照）,主係市場終端需求增加
2395,研華,上市,電腦及週邊設備業,11272216.0,87.6,40.3,累計YoY 40.3%（無上月快照）,客戶端積極下單，專案需求與出貨暢旺，帶動整體營收大幅成長。
5263,智崴,上櫃,文化創意業,202279.0,87.1,56.8,累計YoY 56.8%（無上月快照）,因增加新訂單，本月依工程進度認列營收，致2026年7月營收較去年同期增加。
2432,倚天酷碁-創,上市,電腦及週邊設備業,489165.0,87.1,57.9,累計YoY 57.9%（無上月快照）,本月營收及本年累計營收較去年同期增加，主係電腦週邊產品挹注成長所致。
8091,翔名,上櫃,半導體業,333375.0,84.8,55.8,累計YoY 55.8%（無上月快照）,主係客戶需求增加。
4588,玖鼎電力,上市,其他電子業,143991.0,83.9,32.1,累計YoY 32.1%（無上月快照）,因按照合約規範，每月出貨數量依客戶通知出貨。
3491,昇達科,上櫃,通信網路業,230139.0,82.0,70.8,累計YoY 70.8%（無上月快照）,因掌握低軌衛星產業商機，營收較去年同期大幅提升；雖然短期因產品規格調整以致MoM略降，然而年營收獲利的目標未因此而改變。
5228,鈺鎧,上櫃,電子零組件業,78793.0,81.8,53.5,累計YoY 53.5%（無上月快照）,市場需求增加
2302,麗正,上市,半導體業,122214.0,81.2,30.5,累計YoY 30.5%（無上月快照）,系訂單需求增加
3564,其陽,上櫃,通信網路業,296008.0,80.1,23.3,累計YoY 23.3%（無上月快照）,新專案導入以及客戶需求增加
3276,宇環,上櫃,電子零組件業,80818.0,79.5,36.2,累計YoY 36.2%（無上月快照）,因市場需求增加
6141,柏承,上市,電子零組件業,254902.0,79.5,23.8,累計YoY 23.8%（無上月快照）,資料係自行結算數
6494,九齊,上櫃,半導體業,155174.0,79.3,48.2,累計YoY 48.2%（無上月快照）,"去年同期受關稅影響,營收基期低"
6796,晉弘,上市,生技醫療業,86523.0,79.2,17.6,累計YoY 17.6%（無上月快照）,營收穩定成長。
4768,晶呈科技,上櫃,化學工業,105060.0,79.0,132.0,累計YoY 132.0%（無上月快照）,本月營收較去年同期增加乃因客戶需求增加
2885,元大金,上市,金融保險業,17560416.0,79.0,130.3,累計YoY 130.3%（無上月快照）,營收淨額增加係分離帳戶保險資產淨損益、保險財務收益費用、手續費及佣金淨損益、透過損益按公允價值衡量金融資產及負債損益等。
3033,威健,上市,電子通路業,14411289.0,78.7,33.0,累計YoY 33.0%（無上月快照）,全球半導體因AI需求爆發引發結構性產能排擠，市場預期漲價，除AI零組件業務同步成長外，也帶動其他零組件拉貨潮。
4760,勤凱科技,上櫃,其他電子業,269740.0,78.4,61.4,累計YoY 61.4%（無上月快照）,本月較去年同月份出貨量增加
3162,精確,上櫃,電機機械,1076152.0,77.5,24.6,累計YoY 24.6%（無上月快照）,訂單量增加
8383,千附,上櫃,半導體業,496334.0,77.5,58.4,累計YoY 58.4%（無上月快照）,本月營業收入較去年同期增加77.53%，主要係精密零組件收入及工程收入增加
1714,和桐,上市,化學工業,3330687.0,77.4,61.2,累計YoY 61.2%（無上月快照）,115年7月營收較去年同期增加達50%以上，主係產品銷量、售價皆較去年同期增加。
2368,金像電,上市,電子零組件業,10014527.0,77.4,70.3,累計YoY 70.3%（無上月快照）,接單量增加
4442,竣邦-KY,上櫃,紡織纖維,134896.0,77.0,22.1,累計YoY 22.1%（無上月快照）,主係本期新開發產品陸續出貨，並受惠既有客戶訂單需求增加，致本期營業收入較去年同期成長。
1342,八貫,上市,其他,337627.0,76.9,34.1,累計YoY 34.1%（無上月快照）,主要係航海航太的客戶強勁拉貨及戶外產品熱銷使得客戶增加出貨所致
3229,晟鈦,上市,電子零組件業,144608.0,76.8,60.6,累計YoY 60.6%（無上月快照）,本月因客戶需求增加，出貨量增加
2070,精湛,上櫃,電機機械,106258.0,75.8,26.5,累計YoY 26.5%（無上月快照）,本月外銷高階機台訂單出貨
8390,金益鼎,上櫃,綠能環保,547848.0,75.6,43.3,累計YoY 43.3%（無上月快照）,主要係因電子廢料交貨量倍增及國際銅庫存急遽下降與供應短缺擔憂致銅價顯著上漲，表現強勢。
2923,鼎固-KY,上市,建材營造,638897.0,75.3,151.7,累計YoY 151.7%（無上月快照）,本年營收增加主係本年新樓盤交房增加所致。
8032,光菱,上櫃,電子通路業,487964.0,75.3,47.3,累計YoY 47.3%（無上月快照）,主係本期市場需求增加，故本期營收上升
3556,禾瑞亞,上櫃,半導體業,116697.0,75.3,30.0,累計YoY 30.0%（無上月快照）,客戶需求增加，致本月營收較去年同月增加。
1799,易威,上櫃,生技醫療業,67691.0,74.9,77.3,累計YoY 77.3%（無上月快照）,因新藥/學名藥產品出貨較去年同期多，故營收成長。
7703,銳澤,上櫃,其他電子業,313709.0,74.7,19.7,累計YoY 19.7%（無上月快照）,本月營收較去年同期增加50%以上，主係產品組合及依案件進度認列所致。
2316,楠梓電,上市,電子零組件業,510275.0,74.4,37.5,累計YoY 37.5%（無上月快照）,係因終端客戶需求增加，使得營收增加。
1416,廣豐,上市,其他,44583.0,74.2,44.2,累計YoY 44.2%（無上月快照）,數位科技營收增加
3581,博磊,上櫃,半導體業,179420.0,73.9,35.0,累計YoY 35.0%（無上月快照）,主要係因市場需求較去年同期成長所致。
3022,威強電,上市,電腦及週邊設備業,1009708.0,73.9,26.8,累計YoY 26.8%（無上月快照）,係因客戶出貨需求增加所致。
6474,華豫寧,上櫃,電子通路業,497248.0,73.6,18.6,累計YoY 18.6%（無上月快照）,主係客戶因採購規劃調整，於本期增加備貨需求，帶動營收成長。
6416,瑞祺電通,上市,通信網路業,451310.0,73.5,16.9,累計YoY 16.9%（無上月快照）,因應上半年部分區域訂單物料遞延，公司於階段性齊料後迅速優化生產排程並加速出貨，帶動7月單月營收成長。
6187,萬潤,上櫃,半導體業,1054680.0,73.4,42.7,累計YoY 42.7%（無上月快照）,因客戶擴產，設備需求較去年同期上升
2237,華德動能-創,上市,汽車工業,250888.0,73.4,131.6,累計YoY 131.6%（無上月快照）,本月銷售電動巴士27輛及維修收入
2363,矽統,上市,半導體業,404550.0,72.1,95.0,累計YoY 95.0%（無上月快照）,(1)季節性影響 ; (2)115/4起新增合併個體廈門凌陽華芯科技股份有限公司營收
3680,家登,上櫃,半導體業,870996.0,71.7,28.7,累計YoY 28.7%（無上月快照）,本月營收較去年同期增加，主要係光罩載具產品營收增加所致。
2345,智邦,上市,通信網路業,39472637.0,71.7,62.4,累計YoY 62.4%（無上月快照）,客戶需求增加
6642,富致,上櫃,電子零組件業,71671.0,71.5,22.2,累計YoY 22.2%（無上月快照）,因大陸地區客戶受被動元件漲價影響，尤以M LC C 預期更進一步的漲價而積極備貨。且去年同期相對基期較低所以YOY成長幅度較大。
3288,點晶,上櫃,電子零組件業,5419.0,71.4,15.5,累計YoY 15.5%（無上月快照）,去年同期基期較低
2460,建通,上市,電子零組件業,432492.0,71.2,63.8,累計YoY 63.8%（無上月快照）,係因端子產品訂單穩定回流及特殊新型銅材業務量持續增量。
6756,威鋒電子,上市,半導體業,177234.0,70.7,22.5,累計YoY 22.5%（無上月快照）,本期出貨量增加。
6770,力積電,上市,半導體業,6668883.0,70.5,42.7,累計YoY 42.7%（無上月快照）,主係客戶需求上升，銷售量增加，銷售價格調漲。
3213,茂訊,上櫃,電腦及週邊設備業,366207.0,70.4,20.4,累計YoY 20.4%（無上月快照）,"系統事業部 218,086 仟元/通路事業部 148,121 仟元"
6894,衛司特,上櫃,綠能環保,199018.0,69.9,66.6,累計YoY 66.6%（無上月快照）,因應客戶訂單需求，電解設備與耗材之銷售增加，且本年度納入新事業體，營運範疇擴大，以上使本月及本年累計營收較去年同期成長。
3715,定穎投控,上市,電子零組件業,2531248.0,69.7,40.9,累計YoY 40.9%（無上月快照）,係產品組合優化及受惠於漲價效應
5905,南仁湖,上櫃,觀光餐旅,167415.0,68.8,271.2,累計YoY 271.2%（無上月快照）,本公司建案已完工，陸續交屋入帳。
6126,信音,上櫃,電子零組件業,552658.0,68.8,53.9,累計YoY 53.9%（無上月快照）,本期營收成長幅度較大，主要係去年底完成併購東莞國聯電子有限公司 80% 股權，並自本期起認列其營收所致。
1815,富喬,上櫃,電子零組件業,854379.0,68.1,46.9,累計YoY 46.9%（無上月快照）,主要受惠於AI伺服器與高速傳輸需求帶動高階產品出貨比重提高，電子級玻纖布產品市場價格走高。
6913,鴻呈,上櫃,電子零組件業,372741.0,67.5,37.1,累計YoY 37.1%（無上月快照）,雲端客戶伺服器需求量增加
4556,旭然,上櫃,其他,85038.0,67.4,16.6,累計YoY 16.6%（無上月快照）,營收增長主要係過濾設備訂單集中出貨所致。
7721,微程式,上市,數位雲端,62569.0,67.2,37.0,累計YoY 37.0%（無上月快照）,本月增加為智慧設備產品銷售增加
3088,艾訊,上櫃,電腦及週邊設備業,944420.0,66.9,45.5,累計YoY 45.5%（無上月快照）,月營收較去年同期成長66.92%，主要係台灣及美洲地區專案訂單出貨增加所致。
3090,日電貿,上市,電子零組件業,2095232.0,66.6,28.8,累計YoY 28.8%（無上月快照）,被動元件市場需求增加。
3691,碩禾,上櫃,光電業,918839.0,66.5,127.7,累計YoY 127.7%（無上月快照）,係因太陽能導電漿產品、太陽能模組及AI伺服器液冷管接件及其零組件之加工與測試服務銷量增加所致
6223,旺矽,上櫃,半導體業,1805362.0,66.5,52.3,累計YoY 52.3%（無上月快照）,本月合併營收較去年同期大幅成長，主要受惠客戶 AI 及高效能運算晶片相關測試需求持續強勁，帶動公司出貨動能提升。
4912,聯德控股-KY,上市,電子零組件業,730490.0,66.4,30.5,累計YoY 30.5%（無上月快照）,7月份出貨較去年同期增加所致
2406,國碩,上市,光電業,997619.0,66.1,119.9,累計YoY 119.9%（無上月快照）,主要係因子公司太陽能導電漿產品、太陽能模組及AI伺服器液冷管接件及其零組件之加工與測試服務銷量增加所致。
2356,英業達,上市,電腦及週邊設備業,90190327.0,65.7,40.8,累計YoY 40.8%（無上月快照）,客戶需求增加，較去年同期成長
6237,驊訊,上櫃,半導體業,59139.0,65.7,46.5,累計YoY 46.5%（無上月快照）,7月營收增加主要係品牌客戶新增寬頻運營商通路合作案，終端銷售與備貨需求增加所致。
3689,湧德,上櫃,電子零組件業,842762.0,64.9,40.8,累計YoY 40.8%（無上月快照）,本年度營收新增浙江榆陽電子股份有限公司營收
1591,駿吉-KY,上櫃,電機機械,42489.0,64.8,295.7,累計YoY 295.7%（無上月快照）,本期銷售數量增加所致
2236,百達-KY,上市,汽車工業,1238220.0,64.7,29.9,累計YoY 29.9%（無上月快照）,主係AI數據中心儲存需求大增及客戶推出高存量HDD新產品，致使整體銷售金額成長
6613,朋億*,上櫃,其他電子業,1292507.0,64.3,49.0,累計YoY 49.0%（無上月快照）,營收較去年同期增加主係半導體廠擴廠暢旺
2495,普安,上市,電腦及週邊設備業,149804.0,64.2,46.4,累計YoY 46.4%（無上月快照）,主係客戶訂單需求增加及配合客戶排程出貨所致。
2374,佳能,上市,光電業,1159684.0,64.1,53.4,累計YoY 53.4%（無上月快照）,今年較去年同期及累計成長超過50%，主係影像視覺產品、光學相關模組及因客戶專案出貨轉趨穩健。
6462,神盾,上櫃,半導體業,796402.0,63.9,70.4,累計YoY 70.4%（無上月快照）,主係合併子公司營收陸續於本年度出貨
2404,漢唐,上市,其他電子業,9945328.0,63.8,73.9,累計YoY 73.9%（無上月快照）,"營收較去年同期增加50%以上,係因本月正在投入進行的專案較去年同期增加所致。"
6617,共信-KY,上櫃,生技醫療業,4587.0,63.5,37.5,累計YoY 37.5%（無上月快照）,自2018年度起依據國際會計準則公報15號規定認列收入
7822,倍利科,上市,半導體業,273081.0,63.4,86.3,累計YoY 86.3%（無上月快照）,本月認列設備營收較前期多
6994,富威電力,上市,綠能環保,208877.0,63.4,65.8,累計YoY 65.8%（無上月快照）,依進度認列工程收入及訂單增加所致
6861,睿生光電,上市,生技醫療業,290806.0,63.4,45.3,累計YoY 45.3%（無上月快照）,客戶需求增加及產品組合變化
3357,臺慶科,上櫃,電子零組件業,875885.0,63.3,29.2,累計YoY 29.2%（無上月快照）,受AI、車用及網通等產品需求持續提升，客戶出貨動能延續近期成長趨勢，致本月營收較去年同期成長63.31%。
7712,博盛半導體,上櫃,半導體業,168173.0,63.3,17.8,累計YoY 17.8%（無上月快照）,客戶需求升溫
8043,蜜望實,上櫃,電子零組件業,762588.0,63.2,61.7,累計YoY 61.7%（無上月快照）,"客戶需求增加,致使銷貨收入增加"
6108,競國,上市,電子零組件業,654851.0,63.2,28.7,累計YoY 28.7%（無上月快照）,伺服器用的記憶體模組板訂單量增加。
6418,詠昇,上櫃,電子零組件業,96879.0,63.0,18.9,累計YoY 18.9%（無上月快照）,客戶訂單增加
3528,安馳,上市,電子通路業,1207978.0,62.6,81.1,累計YoY 81.1%（無上月快照）,AI伺服器應用帶動測試相關需求增加，週邊電源應用及工控需求上升。
8027,鈦昇,上櫃,電機機械,189408.0,62.6,48.7,累計YoY 48.7%（無上月快照）,因客戶擴產，設備需求較去年同期上升
9927,泰銘,上市,其他,997907.0,62.5,22.8,累計YoY 22.8%（無上月快照）,本月營收成長主要受銷售量較去年同期增加51.23%，以及新台幣參考匯率貶值6.48%，推升整體營收表現。
7734,印能科技,上櫃,半導體業,409159.0,62.3,62.9,累計YoY 62.9%（無上月快照）,主要係因市場需求較去年同期成長所致。
6139,亞翔,上市,其他電子業,10928616.0,62.3,68.4,累計YoY 68.4%（無上月快照）,主要係工程進入施工高峰期，致本月營收較去年同期大幅增加。
4943,康控-KY,上市,電子零組件業,204374.0,62.1,47.2,累計YoY 47.2%（無上月快照）,本月較去年同期成長62.12%，主要係因部分汽車零組件新案(電容盒/域控制器/空氣懸架等相關產品零組件)於2026年量產出貨所致
2464,盟立,上市,其他電子業,862979.0,62.1,25.6,累計YoY 25.6%（無上月快照）,主要係本公司半導體自動化設備相關訂單增加所致。
6937,天虹,上市,半導體業,207467.0,61.6,36.9,累計YoY 36.9%（無上月快照）,銷售產品組合差異所致
6788,華景電,上櫃,半導體業,287236.0,61.5,18.2,累計YoY 18.2%（無上月快照）,本月合併營收相較於去年本月有所成長，主要係因市場需求較去年成長所致。
7714,創泓科技,上櫃,數位雲端,215366.0,61.1,28.5,累計YoY 28.5%（無上月快照）,業績成長
3231,緯創,上市,電腦及週邊設備業,308219198.0,60.8,88.2,累計YoY 88.2%（無上月快照）,主係客戶需求增加，較去年同期成長。
4576,大銀微系統,上市,電機機械,366927.0,60.1,49.7,累計YoY 49.7%（無上月快照）,本月營收較去年同期增加，主係客戶需求較去年同期增加。
6486,互動,上櫃,通信網路業,171320.0,59.9,19.8,累計YoY 19.8%（無上月快照）,本月營收較去年同期增加50%以上，係因本月認列營收的專案較去年同期增加所致。
8422,可寧衛*,上市,綠能環保,572858.0,59.9,28.2,累計YoY 28.2%（無上月快照）,營收增加係南區焚化爐BOT案依IFRIC12會計處理，每月按工程進度認列成本，同步依成本金額認列工程收入，未產生毛利。
1516,川飛,上市,其他,7546.0,59.8,37.8,累計YoY 37.8%（無上月快照）,客戶需求增加
4577,達航科技,上櫃,其他電子業,96544.0,59.8,56.2,累計YoY 56.2%（無上月快照）,"本期較去年同期變動 59.82%，主係設備產銷較去年同期增加 32,955仟元所致。"
4114,健喬,上櫃,生技醫療業,791740.0,59.8,22.0,累計YoY 22.0%（無上月快照）,係因本公司與其他藥廠簽訂藥物經銷代理合約，取得台灣市場多數醫療機構通路之行銷推廣權利所致
2376,技嘉,上市,電腦及週邊設備業,44213037.0,59.7,50.0,累計YoY 50.0%（無上月快照）,AI訂單需求暢旺
3665,貿聯-KY,上市,其他電子業,9630165.0,59.6,37.9,累計YoY 37.9%（無上月快照）,高效能運算和半導體客戶出貨量持續強勁
6028,公勝保經,上櫃,金融業,515132.0,59.6,30.6,累計YoY 30.6%（無上月快照）,係本期業績增長
2248,華勝-KY,上市,汽車工業,232376.0,59.4,49.5,累計YoY 49.5%（無上月快照）,本年累計增減百分比達50%以上，係受惠於本公司客戶新車型上市熱銷所致
3305,昇貿,上市,其他電子業,1413913.0,59.2,63.8,累計YoY 63.8%（無上月快照）,原料價格上漲
3029,零壹,上市,資訊服務業,3242008.0,59.2,16.2,累計YoY 16.2%（無上月快照）,本月營收成長主要受惠於IT基建AI化、資安韌性產品專案挹注
6220,岳豐,上櫃,電子零組件業,985000.0,59.1,20.5,累計YoY 20.5%（無上月快照）,主要為去年同期因美國關稅影響，客戶下單趨緩使得營收減少，今年已逐步恢復正常，以及今年度大陸內銷市場營收較為成長所致。
6415,矽力*-KY,上市,半導體業,2356843.0,58.5,30.1,累計YoY 30.1%（無上月快照）,部份終端產品的需求增加，且本公司在產品佈局上更加完整，故營收較去年同期增幅較大。
2488,漢平,上市,其他電子業,377191.0,58.2,25.0,累計YoY 25.0%（無上月快照）,本月營收較去年同期增加主要係因訂單量增加所致。
8996,高力,上市,電機機械,922666.0,57.6,115.4,累計YoY 115.4%（無上月快照）,說明:本年累計營收較去年同期增加115.43%，主要係板式熱交換器及熱能產品年度營收分別較去年同期增加17.30%及161.72%所致
3017,奇鋐,上市,電腦及週邊設備業,18590152.0,57.4,80.3,累計YoY 80.3%（無上月快照）,"因客戶需求增加,使營收成長"
3044,健鼎,上市,電子零組件業,9821875.0,56.5,34.7,累計YoY 34.7%（無上月快照）,主係因客戶訂單需求及出貨增加所致
1409,新纖,上市,紡織纖維,4641142.0,56.2,15.3,累計YoY 15.3%（無上月快照）,本月營收增加，係因聚酯部門業內收入及業外收入增加所致。
2637,慧洋-KY,上市,航運業,2097738.0,56.2,35.7,累計YoY 35.7%（無上月快照）,本月營業收入相較去年同期增加56.22%，主要係因BDI指數相較去年同期大幅成長，帶動本公司租金收入增加。
3360,尚立,上櫃,電子通路業,999135.0,56.0,64.9,累計YoY 64.9%（無上月快照）,"本月較去年同月增加56.05％,係客戶需求增加"
5490,同亨,上櫃,電腦及週邊設備業,140713.0,56.0,22.6,累計YoY 22.6%（無上月快照）,因去年同期主要客戶出貨減少
8183,精星,上櫃,其他電子業,855049.0,55.8,28.7,累計YoY 28.7%（無上月快照）,"7月合併營收8.55億,較6月增10.87%,與去年7月比增55.75%,係因新能源車用產品需求成長所致。"
6185,幃翔,上櫃,電子零組件業,65312.0,55.7,33.7,累計YoY 33.7%（無上月快照）,主要客戶的新產品開始出貨，以及新客戶的產品開始量產。
3632,研勤,上櫃,通信網路業,26928.0,55.7,19.7,累計YoY 19.7%（無上月快照）,部分專案於本月完成驗收並認列收入
6414,樺漢,上市,電腦及週邊設備業,16400623.0,55.1,27.5,累計YoY 27.5%（無上月快照）,AI需求增加、客戶需求強勁
8358,金居,上櫃,電子零組件業,1008644.0,54.9,44.9,累計YoY 44.9%（無上月快照）,"本月營收較去年同期增加,係需求增加及優化產品組合所致"
3048,益登,上市,電子通路業,13745878.0,54.6,34.3,累計YoY 34.3%（無上月快照）,受惠於AI伺服器、網通設備等市場需求攀升，帶動本月份營收較去年同期成長54.60%
2476,鉅祥,上市,電子零組件業,970526.0,54.4,39.6,累計YoY 39.6%（無上月快照）,客戶需求上升，銷售量增加
2317,鴻海,上市,其他電子業,946512543.0,54.2,37.9,累計YoY 37.9%（無上月快照）,主要受惠於伺服器產品需求提升及出貨成長所致
3577,泓格,上櫃,電腦及週邊設備業,140503.0,54.1,40.0,累計YoY 40.0%（無上月快照）,客戶需求增加
2351,順德,上市,半導體業,1328046.0,54.0,28.5,累計YoY 28.5%（無上月快照）,主係客戶應用於AI領域之電源管理需求強勁，車用領域所需之導線架亦逐步復甦，客戶之拉貨動能提升。
2357,華碩,上市,電腦及週邊設備業,84131254.0,53.3,40.9,累計YoY 40.9%（無上月快照）,本月增減差異說明：主要來自AI伺服器之銷售成長。
3004,豐達科,上市,鋼鐵工業,494286.0,53.0,37.3,累計YoY 37.3%（無上月快照）,主要係客戶需求增加所致
5288,豐祥-KY,上市,電機機械,850522.0,52.8,32.3,累計YoY 32.3%（無上月快照）,主係北美休閒車輛客戶新產品出貨所致
6426,統新,上市,通信網路業,78293.0,52.7,66.8,累計YoY 66.8%（無上月快照）,市場需求漸回溫
5220,萬達光電,上櫃,光電業,87471.0,52.6,36.2,累計YoY 36.2%（無上月快照）,新客戶導入量產及產品線組合多元化
7842,天能綠電,上櫃,綠能環保,318783.0,52.3,58.0,累計YoY 58.0%（無上月快照）,本月及本年累計營收增加，主要係因售電業務成長所致。
3264,欣銓,上櫃,半導體業,1766652.0,52.3,31.9,累計YoY 31.9%（無上月快照）,受市場需求增加及新廠開始量產影響
5348,正能量智能,上櫃,運動休閒,26613.0,52.2,25.5,累計YoY 25.5%（無上月快照）,本月較去年同期增加百分比達50%以上：主要係終端市場需求增加及本年度新增門市提高營運量能所致。
8155,博智,上櫃,電子零組件業,557144.0,52.0,35.7,累計YoY 35.7%（無上月快照）,接單成長
3046,建碁,上市,電腦及週邊設備業,950946.0,51.7,25.0,累計YoY 25.0%（無上月快照）,115年7月營收較去年同期增加，主係新增大型專案業務。
4908,前鼎,上櫃,通信網路業,98660.0,51.6,28.2,累計YoY 28.2%（無上月快照）,主要係受客戶訂單需求增加影響
2364,倫飛,上市,電腦及週邊設備業,189703.0,51.5,17.5,累計YoY 17.5%（無上月快照）,客戶專案出貨增加，致本月營收較去年同期增加。
2327,國巨*,上市,電子零組件業,16131188.0,51.5,32.5,累計YoY 32.5%（無上月快照）,主要係因客戶需求強勁
3016,嘉晶,上市,半導體業,482058.0,51.4,31.3,累計YoY 31.3%（無上月快照）,受惠於市場需求暢旺與產品售價調整，帶動接單情形及整體營收較去年同期成長。
5388,中磊,上市,通信網路業,7979722.0,51.3,56.9,累計YoY 56.9%（無上月快照）,北美市場訂單增溫
2890,永豐金,上市,金融保險業,9954051.0,51.3,54.6,累計YoY 54.6%（無上月快照）,本月及本年累計營業收入較去年本月及去年累計營業收入增加，係因利息收入、手續費收入及有價證券評價利益增加所致。
2397,友通,上市,電腦及週邊設備業,1284852.0,51.3,29.2,累計YoY 29.2%（無上月快照）,本月營收較去年同期變動達51.27%，係因客戶需求增加使營收成長。
6163,華電網,上櫃,資訊服務業,797162.0,51.1,39.2,累計YoY 39.2%（無上月快照）,因本期較去年同期驗收案件多，故營業額增加。
3594,磐儀,上櫃,電腦及週邊設備業,256954.0,51.1,42.8,累計YoY 42.8%（無上月快照）,"客戶需求增加,故出貨量較去年同期成長"
7751,竑騰,上櫃,半導體業,241946.0,51.0,64.9,累計YoY 64.9%（無上月快照）,本公司為設備業，每月營收高底起伏屬常態，主要係今年同期客戶驗收機台較多所致。
6156,松上,上櫃,電子零組件業,617622.0,50.8,21.3,累計YoY 21.3%（無上月快照）,子公司營收
7728,光焱科技,上櫃,其他電子業,30565.0,50.8,29.6,累計YoY 29.6%（無上月快照）,半導體檢測產品需求持續成長，配合矽光子設備與客戶整體系統共同驗收時程，各月份營收認列時點有所差異，並不影響專案推動進度。
1590,亞德客-KY,上市,電機機械,3994281.0,50.8,32.9,累計YoY 32.9%（無上月快照）,本月營業收入換算匯率為4.7520020；本年累計營業收入換算匯率為4.6302622。
6578,達邦蛋白,上櫃,農業科技,37717.0,50.4,23.2,累計YoY 23.2%（無上月快照）,中聯事件致國內飼料用原料短缺，營運團隊立即應變，承擔起國內畜牧場飼料中優質蛋白原料之需求，備受產業客戶肯定。
6585,鼎基,上市,其他,294717.0,50.3,18.1,累計YoY 18.1%（無上月快照）,"本期(115年07月)較去年同期(114年07月)營業收入增加98,580仟元,成長50.26%,主係為客戶需求增加。"
8046,南電,上市,電子零組件業,5439751.0,50.2,39.4,累計YoY 39.4%（無上月快照）,因受市場需求成長影響
6510,精測,上櫃,半導體業,614606.0,49.9,30.0,累計YoY 30.0%（無上月快照）,-
4995,晶達,上櫃,光電業,141754.0,49.8,16.1,累計YoY 16.1%（無上月快照）,-
3706,神達,上市,電腦及週邊設備業,12833645.0,49.7,45.5,累計YoY 45.5%（無上月快照）,-
4923,力士,上櫃,半導體業,120061.0,49.7,30.3,累計YoY 30.3%（無上月快照）,-
4728,雙美,上櫃,生技醫療業,221485.0,49.7,20.8,累計YoY 20.8%（無上月快照）,-
8147,正淩,上櫃,電子零組件業,188823.0,49.6,20.9,累計YoY 20.9%（無上月快照）,-
5211,蒙恬,上櫃,資訊服務業,28853.0,49.5,37.5,累計YoY 37.5%（無上月快照）,-
6442,光聖,上市,通信網路業,1229355.0,49.3,30.5,累計YoY 30.5%（無上月快照）,-
3489,森寶,上櫃,建材營造,86746.0,49.0,83.3,累計YoY 83.3%（無上月快照）,本月合併營收較去年同期成長48.95%，主係本公司持股100%之子公司營造收入較去年顯著增加所致。
4950,金耘國際,上櫃,鋼鐵工業,124411.0,48.8,24.8,累計YoY 24.8%（無上月快照）,-
2428,興勤,上市,電子零組件業,979022.0,48.4,24.4,累計YoY 24.4%（無上月快照）,-
4502,健信,上櫃,電機機械,118612.0,48.2,29.8,累計YoY 29.8%（無上月快照）,-
3588,通嘉,上市,半導體業,153552.0,48.0,24.4,累計YoY 24.4%（無上月快照）,-
8438,昶昕,上市,綠能環保,474642.0,48.0,40.0,累計YoY 40.0%（無上月快照）,-
6423,億而得,上櫃,半導體業,77086.0,47.9,21.3,累計YoY 21.3%（無上月快照）,-
3209,全科,上市,電子通路業,6601728.0,47.9,44.9,累計YoY 44.9%（無上月快照）,-
6173,信昌電,上櫃,電子零組件業,537222.0,47.9,22.0,累計YoY 22.0%（無上月快照）,-
1597,直得,上市,電機機械,136585.0,47.8,44.8,累計YoY 44.8%（無上月快照）,-
2308,台達電,上市,電子零組件業,67073192.0,47.7,42.1,累計YoY 42.1%（無上月快照）,-
2478,大毅,上市,電子零組件業,660883.0,47.5,19.8,累計YoY 19.8%（無上月快照）,-
5340,建榮,上櫃,電子零組件業,272928.0,47.5,24.8,累計YoY 24.8%（無上月快照）,-
5516,雙喜,上櫃,建材營造,188981.0,47.5,41.0,累計YoY 41.0%（無上月快照）,-
4952,凌通,上市,半導體業,250485.0,47.3,22.7,累計YoY 22.7%（無上月快照）,-
6916,華凌,上市,光電業,253725.0,47.2,17.4,累計YoY 17.4%（無上月快照）,-
2440,太空梭,上市,電子零組件業,397352.0,46.9,26.4,累計YoY 26.4%（無上月快照）,-
6811,宏碁資訊,上櫃,數位雲端,1122017.0,46.8,20.1,累計YoY 20.1%（無上月快照）,-
6947,台鎔科技,上市,綠能環保,180365.0,46.4,66.5,累計YoY 66.5%（無上月快照）,因子公司營收增長所致。
1785,光洋科,上櫃,其他電子業,5261124.0,46.4,68.7,累計YoY 68.7%（無上月快照）,主係業績增長所致
2027,大成鋼,上市,鋼鐵工業,12618274.0,46.1,32.6,累計YoY 32.6%（無上月快照）,-
8048,德勝,上櫃,通信網路業,123568.0,45.8,38.6,累計YoY 38.6%（無上月快照）,-
3115,富榮綱,上櫃,電子零組件業,339.0,45.5,182.3,累計YoY 182.3%（無上月快照）,去年受限於發票開立額度，今年配合業務擴展需求向稅局申請發票增量致營收增加。
6227,茂綸,上櫃,電子通路業,3339960.0,45.5,37.4,累計YoY 37.4%（無上月快照）,-
9905,大華,上市,其他,1114568.0,45.4,26.0,累計YoY 26.0%（無上月快照）,-
8109,博大,上櫃,電子零組件業,211593.0,45.4,26.9,累計YoY 26.9%（無上月快照）,-
2455,全新,上市,通信網路業,422106.0,45.1,30.5,累計YoY 30.5%（無上月快照）,-
7821,神數,上市,汽車工業,1051004.0,45.1,25.6,累計YoY 25.6%（無上月快照）,-
6190,萬泰科,上櫃,通信網路業,1063947.0,45.0,24.7,累計YoY 24.7%（無上月快照）,-
9906,欣巴巴,上市,建材營造,54944.0,44.9,348.6,累計YoY 348.6%（無上月快照）,本月營收與去年同期之差異，主係本月新個案及成屋仍持續入帳。
8088,品安,上櫃,半導體業,216457.0,44.9,45.0,累計YoY 45.0%（無上月快照）,-
2330,台積電,上市,半導體業,467580548.0,44.7,37.0,累計YoY 37.0%（無上月快照）,-
1303,南亞,上市,塑膠工業,30572583.0,44.5,19.9,累計YoY 19.9%（無上月快照）,-
3031,佰鴻,上市,光電業,123461.0,44.1,23.6,累計YoY 23.6%（無上月快照）,-
4764,雙鍵,上市,化學工業,294229.0,44.1,28.6,累計YoY 28.6%（無上月快照）,-
3037,欣興,上市,電子零組件業,16253637.0,43.7,30.8,累計YoY 30.8%（無上月快照）,-
8150,南茂,上市,半導體業,2823014.0,43.6,29.5,累計YoY 29.5%（無上月快照）,-
3646,艾恩特,上櫃,電子零組件業,78979.0,43.4,15.7,累計YoY 15.7%（無上月快照）,-
2388,威盛,上市,半導體業,1135921.0,43.3,35.7,累計YoY 35.7%（無上月快照）,-
3624,光頡,上櫃,電子零組件業,351605.0,43.3,25.8,累計YoY 25.8%（無上月快照）,-
3711,日月光投控,上市,半導體業,73783701.0,43.2,25.1,累計YoY 25.1%（無上月快照）,-
2101,南港,上市,橡膠工業,1211182.0,43.1,165.8,累計YoY 165.8%（無上月快照）,本公告係屬自結數，如與公告財報有所差異請以財報為準，另本月份營建收入6億/累積營建收入100億元。
2436,偉詮電,上市,半導體業,403610.0,42.9,30.1,累計YoY 30.1%（無上月快照）,-
2646,星宇航空,上市,航運業,5728856.0,42.8,32.0,累計YoY 32.0%（無上月快照）,-
1608,華榮,上市,電器電纜,1267960.0,42.7,19.4,累計YoY 19.4%（無上月快照）,-
7749,意騰-KY,上市,半導體業,208120.0,42.7,60.2,累計YoY 60.2%（無上月快照）,市場需求增加
5434,崇越,上市,電子通路業,8173773.0,42.6,23.5,累計YoY 23.5%（無上月快照）,-
8040,九暘,上櫃,半導體業,83887.0,42.5,32.0,累計YoY 32.0%（無上月快照）,-
2486,一詮,上市,光電業,739794.0,42.5,27.5,累計YoY 27.5%（無上月快照）,-
4534,慶騰,上櫃,電機機械,116476.0,42.5,32.7,累計YoY 32.7%（無上月快照）,-
6282,康舒,上市,電子零組件業,3263384.0,42.5,27.3,累計YoY 27.3%（無上月快照）,-
3131,弘塑,上櫃,半導體業,792895.0,42.4,20.1,累計YoY 20.1%（無上月快照）,-
6753,龍德造船,上市,航運業,519142.0,42.3,23.6,累計YoY 23.6%（無上月快照）,-
8473,山林水,上市,綠能環保,441261.0,42.2,15.6,累計YoY 15.6%（無上月快照）,-
2945,三商家購,上市,貿易百貨,1804636.0,42.1,27.9,累計YoY 27.9%（無上月快照）,-
2241,艾姆勒,上市,汽車工業,80051.0,42.1,46.3,累計YoY 46.3%（無上月快照）,-
5328,華容,上櫃,電子零組件業,99219.0,42.0,25.0,累計YoY 25.0%（無上月快照）,-
2492,華新科,上市,電子零組件業,4443982.0,42.0,18.7,累計YoY 18.7%（無上月快照）,-
2441,超豐,上市,半導體業,1998127.0,41.7,24.7,累計YoY 24.7%（無上月快照）,-
2734,易飛網,上櫃,觀光餐旅,216192.0,41.6,29.6,累計YoY 29.6%（無上月快照）,-
8210,勤誠,上市,電腦及週邊設備業,2462300.0,41.5,53.4,累計YoY 53.4%（無上月快照）,終端客戶所需產品大量出貨
3526,凡甲,上櫃,電子零組件業,403504.0,41.4,27.1,累計YoY 27.1%（無上月快照）,-
4510,高鋒,上櫃,電機機械,186015.0,41.3,28.0,累計YoY 28.0%（無上月快照）,-
4161,聿新科,上櫃,生技醫療業,95489.0,41.3,22.8,累計YoY 22.8%（無上月快照）,-
2061,風青,上櫃,電器電纜,126081.0,41.3,15.9,累計YoY 15.9%（無上月快照）,-
3390,旭軟,上櫃,電子零組件業,85919.0,41.3,30.6,累計YoY 30.6%（無上月快照）,-
2030,彰源,上市,鋼鐵工業,1078093.0,41.2,15.7,累計YoY 15.7%（無上月快照）,-
6997,博弘,上櫃,數位雲端,503748.0,41.2,31.2,累計YoY 31.2%（無上月快照）,-
6202,盛群,上市,半導體業,365463.0,40.8,15.6,累計YoY 15.6%（無上月快照）,-
6174,安碁,上櫃,電子零組件業,75458.0,40.7,25.2,累計YoY 25.2%（無上月快照）,-
3312,弘憶股,上市,電子通路業,2603514.0,40.7,16.2,累計YoY 16.2%（無上月快照）,-
6175,立敦,上櫃,電子零組件業,474537.0,40.6,19.4,累計YoY 19.4%（無上月快照）,-
5426,振發,上櫃,電腦及週邊設備業,224969.0,40.5,17.4,累計YoY 17.4%（無上月快照）,-
1617,榮星,上市,電器電纜,419782.0,40.4,28.3,累計YoY 28.3%（無上月快照）,-
8042,金山電,上櫃,電子零組件業,436935.0,40.3,36.0,累計YoY 36.0%（無上月快照）,-
5484,慧友,上市,光電業,51112.0,39.8,106.6,累計YoY 106.6%（無上月快照）,係因有接到代工訂單
1213,大飲,上市,食品工業,32555.0,39.8,15.6,累計YoY 15.6%（無上月快照）,-
8374,羅昇,上市,電機機械,516799.0,39.8,38.7,累計YoY 38.7%（無上月快照）,-
6606,建德工業,上市,電機機械,90532.0,39.7,23.7,累計YoY 23.7%（無上月快照）,-
6264,富裔,上櫃,建材營造,2478.0,39.7,36.9,累計YoY 36.9%（無上月快照）,收入較去年同月增加，主係本年度子公司富永營造收入增加所致。
4971,IET-KY,上櫃,半導體業,105081.0,39.6,18.8,累計YoY 18.8%（無上月快照）,-
3141,晶宏,上櫃,半導體業,215671.0,39.6,16.0,累計YoY 16.0%（無上月快照）,-
6291,沛亨,上櫃,半導體業,244174.0,39.4,41.8,累計YoY 41.8%（無上月快照）,-
4148,全宇生技-KY,上市,生技醫療業,352962.0,39.3,22.6,累計YoY 22.6%（無上月快照）,-
6669,緯穎,上市,電腦及週邊設備業,117685530.0,39.2,41.3,累計YoY 41.3%（無上月快照）,-
6147,頎邦,上櫃,半導體業,2522679.0,39.2,20.9,累計YoY 20.9%（無上月快照）,-
4541,晟田,上櫃,其他,194527.0,39.2,34.2,累計YoY 34.2%（無上月快照）,-
8071,能率網通,上櫃,電子零組件業,220002.0,39.1,20.1,累計YoY 20.1%（無上月快照）,-
4741,泓瀚,上櫃,化學工業,52442.0,39.1,19.8,累計YoY 19.8%（無上月快照）,-
4807,日成-KY,上市,貿易百貨,242998.0,38.7,29.4,累計YoY 29.4%（無上月快照）,-
8488,吉源-KY,上市,其他,316874.0,38.7,54.2,累計YoY 54.2%（無上月快照）,主要係今年度訂單增加
4726,永昕,上櫃,生技醫療業,85963.0,38.6,25.8,累計YoY 25.8%（無上月快照）,-
2221,大甲,上櫃,其他,139767.0,38.5,21.7,累計YoY 21.7%（無上月快照）,-
6874,倍力,上櫃,資訊服務業,117427.0,38.5,50.1,累計YoY 50.1%（無上月快照）,客戶需求調整
3550,聯穎,上市,電子零組件業,412542.0,38.3,29.0,累計YoY 29.0%（無上月快照）,-
2324,仁寶,上市,電腦及週邊設備業,81005761.0,38.3,18.8,累計YoY 18.8%（無上月快照）,無
6206,飛捷,上市,電腦及週邊設備業,568481.0,38.2,26.4,累計YoY 26.4%（無上月快照）,-
3030,德律,上市,其他電子業,1033409.0,38.2,26.7,累計YoY 26.7%（無上月快照）,-
6166,凌華,上市,電腦及週邊設備業,1426503.0,38.2,40.6,累計YoY 40.6%（無上月快照）,-
5607,遠雄港,上市,航運業,514899.0,38.0,36.7,累計YoY 36.7%（無上月快照）,-
6727,亞泰金屬,上櫃,電子零組件業,194214.0,37.9,68.9,累計YoY 68.9%（無上月快照）,當月認列台數較多
5609,中菲行,上櫃,航運業,3269476.0,37.8,18.3,累計YoY 18.3%（無上月快照）,-
5471,松翰,上市,半導體業,315750.0,37.7,30.0,累計YoY 30.0%（無上月快照）,-
2301,光寶科,上市,電腦及週邊設備業,19005536.0,37.6,27.0,累計YoY 27.0%（無上月快照）,-
2401,凌陽,上市,半導體業,745822.0,37.6,22.1,累計YoY 22.1%（無上月快照）,-
5464,霖宏,上櫃,電子零組件業,100839.0,37.5,31.3,累計YoY 31.3%（無上月快照）,-
6982,大井泵浦,上櫃,電機機械,140493.0,37.2,21.1,累計YoY 21.1%（無上月快照）,-
6215,和椿,上市,其他電子業,378154.0,37.2,50.4,累計YoY 50.4%（無上月快照）,自動化零組件及設備需求增加
2483,百容,上市,電子零組件業,201159.0,37.2,20.2,累計YoY 20.2%（無上月快照）,-
3071,協禧,上櫃,電腦及週邊設備業,258660.0,37.1,35.4,累計YoY 35.4%（無上月快照）,-
7717,萊德光電-KY,上櫃,通信網路業,109057.0,37.1,26.3,累計YoY 26.3%（無上月快照）,-
3026,禾伸堂,上市,電子零組件業,1500937.0,37.0,18.6,累計YoY 18.6%（無上月快照）,-
3402,漢科,上櫃,其他電子業,592044.0,36.8,19.6,累計YoY 19.6%（無上月快照）,-
8415,大國鋼,上櫃,鋼鐵工業,2666400.0,36.8,21.4,累計YoY 21.4%（無上月快照）,-
2449,京元電子,上市,半導體業,3990702.0,36.7,36.2,累計YoY 36.2%（無上月快照）,"以上不含停業部門營收:115年7月0仟元暨114年7月0仟元;115年1~7月0仟元暨114年1~7月985,800仟元。"
8028,昇陽半導體,上市,半導體業,514661.0,36.5,29.6,累計YoY 29.6%（無上月快照）,-
7814,海昌生技,上櫃,生技醫療業,13686.0,36.5,51.1,累計YoY 51.1%（無上月快照）,主係客戶需求增加所致
3060,銘異,上市,電腦及週邊設備業,385721.0,36.4,20.0,累計YoY 20.0%（無上月快照）,-
6741,91APP*-KY,上櫃,數位雲端,184496.0,36.4,32.4,累計YoY 32.4%（無上月快照）,-
2605,新興,上市,航運業,478915.0,36.3,35.1,累計YoY 35.1%（無上月快照）,-
2472,立隆電,上市,電子零組件業,1327811.0,36.2,20.8,累計YoY 20.8%（無上月快照）,-
3189,景碩,上市,半導體業,4548833.0,35.9,30.7,累計YoY 30.7%（無上月快照）,-
6870,騰雲,上櫃,數位雲端,90325.0,35.8,47.1,累計YoY 47.1%（無上月快照）,-
4540,全球傳動,上市,電機機械,306150.0,35.7,43.6,累計YoY 43.6%（無上月快照）,-
8099,大世科,上櫃,資訊服務業,387394.0,35.6,32.9,累計YoY 32.9%（無上月快照）,-
3597,映興,上櫃,電子零組件業,97879.0,35.6,17.5,累計YoY 17.5%（無上月快照）,-
3236,千如,上櫃,電子零組件業,247607.0,35.5,21.4,累計YoY 21.4%（無上月快照）,-
4905,台聯電,上櫃,生技醫療業,104164.0,35.4,33.7,累計YoY 33.7%（無上月快照）,-
6548,長科*,上櫃,半導體業,1555599.0,35.4,25.9,累計YoY 25.9%（無上月快照）,-
5284,jpp-KY,上市,其他,420741.0,35.3,42.4,累計YoY 42.4%（無上月快照）,-
6449,鈺邦,上市,電子零組件業,505817.0,34.8,24.2,累計YoY 24.2%（無上月快照）,-
8016,矽創,上市,半導體業,2035657.0,34.5,29.7,累計YoY 29.7%（無上月快照）,-
4582,聚恆-創,上市,綠能環保,105327.0,34.5,151.6,累計YoY 151.6%（無上月快照）,主係因採用完工比例法認列進度時點差異所致。
6568,宏觀,上櫃,半導體業,105911.0,34.3,19.7,累計YoY 19.7%（無上月快照）,-
8103,瀚荃,上市,電子零組件業,395463.0,34.3,27.6,累計YoY 27.6%（無上月快照）,係本公司自結合併營收
2369,菱生,上市,半導體業,641835.0,34.2,36.8,累計YoY 36.8%（無上月快照）,-
2617,台航,上市,航運業,454515.0,34.1,18.5,累計YoY 18.5%（無上月快照）,-
2049,上銀,上市,電機機械,2681646.0,33.9,20.4,累計YoY 20.4%（無上月快照）,-
4555,氣立,上市,電機機械,182883.0,33.8,15.5,累計YoY 15.5%（無上月快照）,-
8070,長華*,上市,電子通路業,2232043.0,33.6,26.2,累計YoY 26.2%（無上月快照）,-
1773,勝一,上市,化學工業,1336524.0,33.6,21.0,累計YoY 21.0%（無上月快照）,-
5488,松普,上櫃,電子零組件業,85256.0,33.4,39.7,累計YoY 39.7%（無上月快照）,-
4953,緯致,上櫃,資訊服務業,1273547.0,33.4,31.3,累計YoY 31.3%（無上月快照）,-
6996,力領科技,上櫃,半導體業,255402.0,33.3,28.2,累計YoY 28.2%（無上月快照）,-
6109,亞元,上櫃,通信網路業,75544.0,33.2,20.6,累計YoY 20.6%（無上月快照）,-
3467,台灣精材,上櫃,半導體業,68667.0,33.1,23.2,累計YoY 23.2%（無上月快照）,-
2949,欣新網,上櫃,數位雲端,533608.0,33.1,24.2,累計YoY 24.2%（無上月快照）,-
3158,嘉實,上櫃,資訊服務業,106191.0,32.9,19.0,累計YoY 19.0%（無上月快照）,-
6584,南俊國際,上櫃,電子零組件業,280305.0,32.8,52.0,累計YoY 52.0%（無上月快照）,主係雲端CSP客戶的GB系列AI伺服器導軌持續出貨以及通用型伺服器導軌出貨增溫所致
2108,南帝,上市,橡膠工業,1028039.0,32.7,24.7,累計YoY 24.7%（無上月快照）,-
6655,科定,上市,其他,306978.0,32.7,27.5,累計YoY 27.5%（無上月快照）,-
2103,台橡,上市,橡膠工業,3641846.0,32.5,16.2,累計YoY 16.2%（無上月快照）,-
3530,晶相光,上市,半導體業,172444.0,32.5,40.3,累計YoY 40.3%（無上月快照）,-
7794,宏碁智新,上櫃,居家生活,135765.0,32.5,34.2,累計YoY 34.2%（無上月快照）,-
6703,軒郁,上櫃,生技醫療業,264207.0,32.5,15.8,累計YoY 15.8%（無上月快照）,-
1727,中華化,上市,化學工業,235237.0,32.5,21.4,累計YoY 21.4%（無上月快照）,-
2489,瑞軒,上市,光電業,2690629.0,32.2,15.5,累計YoY 15.5%（無上月快照）,-
8121,越峰,上櫃,電子零組件業,313384.0,32.2,22.2,累計YoY 22.2%（無上月快照）,-
3013,晟銘電,上市,電腦及週邊設備業,824611.0,32.1,23.1,累計YoY 23.1%（無上月快照）,-
3094,聯傑,上市,半導體業,21836.0,32.1,15.3,累計YoY 15.3%（無上月快照）,-
7780,大研生醫*,上市,食品工業,197244.0,32.1,36.0,累計YoY 36.0%（無上月快照）,-
6872,浩宇生醫,上櫃,生技醫療業,795.0,32.1,317.8,累計YoY 317.8%（無上月快照）,主係銷售醫療器材之收入增加所致
6525,捷敏-KY,上市,半導體業,614164.0,32.0,18.1,累計YoY 18.1%（無上月快照）,-
4566,時碩工業,上市,電機機械,554718.0,31.9,16.0,累計YoY 16.0%（無上月快照）,-
5410,國眾,上櫃,資訊服務業,406263.0,31.8,50.7,累計YoY 50.7%（無上月快照）,本期營收較去年同期大幅增加主要係專案收入增加所致
6214,精誠,上市,資訊服務業,4744529.0,31.8,36.2,累計YoY 36.2%（無上月快照）,-
4958,臻鼎-KY,上市,電子零組件業,17600546.0,31.8,16.5,累計YoY 16.5%（無上月快照）,-
2421,建準,上市,電子零組件業,2119438.0,31.7,20.3,累計YoY 20.3%（無上月快照）,-
5468,凱鈺,上櫃,半導體業,9304.0,31.5,46.4,累計YoY 46.4%（無上月快照）,-
3010,華立,上市,電子通路業,8540313.0,31.4,19.6,累計YoY 19.6%（無上月快照）,-
3555,博士旺,上櫃,半導體業,78823.0,31.4,445.8,累計YoY 445.8%（無上月快照）,本月因銷售電子產品，致本月及累計營收較去年同期增加。
5014,建錩,上櫃,鋼鐵工業,1664278.0,31.4,16.1,累計YoY 16.1%（無上月快照）,-
3303,岱稜,上櫃,其他電子業,346240.0,31.3,19.0,累計YoY 19.0%（無上月快照）,-
6831,邁科,上市,電腦及週邊設備業,553187.0,31.2,20.9,累計YoY 20.9%（無上月快照）,-
3105,穩懋,上櫃,半導體業,1892049.0,31.2,33.4,累計YoY 33.4%（無上月快照）,-
4979,華星光,上櫃,通信網路業,508777.0,31.0,17.6,累計YoY 17.6%（無上月快照）,-
2481,強茂,上市,半導體業,1447660.0,31.0,16.5,累計YoY 16.5%（無上月快照）,-
3374,精材,上櫃,半導體業,860894.0,31.0,32.6,累計YoY 32.6%（無上月快照）,-
6277,宏正,上市,電腦及週邊設備業,476641.0,30.9,15.2,累計YoY 15.2%（無上月快照）,-
5515,建國,上市,建材營造,697885.0,30.8,28.1,累計YoY 28.1%（無上月快照）,-
6902,GOGOLOOK,上市,數位雲端,109746.0,30.8,28.0,累計YoY 28.0%（無上月快照）,-
1419,新紡,上市,紡織纖維,429159.0,30.7,28.4,累計YoY 28.4%（無上月快照）,-
3707,漢磊,上櫃,半導體業,647766.0,30.6,25.9,累計YoY 25.9%（無上月快照）,-
2527,宏璟,上市,建材營造,166277.0,30.5,1500.3,累計YoY 1500.3%（無上月快照）,本年累計營收較去年同期高，主要係因今年有大型工案認列收入所致。
6645,金萬林-創,上市,生技醫療業,63149.0,30.4,23.6,累計YoY 23.6%（無上月快照）,-
4560,強信-KY,上市,電機機械,170192.0,30.4,15.3,累計YoY 15.3%（無上月快照）,-
5347,世界,上櫃,半導體業,4705722.0,30.3,15.5,累計YoY 15.5%（無上月快照）,-
6664,群翊,上櫃,電子零組件業,274733.0,30.2,16.7,累計YoY 16.7%（無上月快照）,-
3413,京鼎,上市,半導體業,2162154.0,30.1,19.5,累計YoY 19.5%（無上月快照）,-
