日期,商品(契約),商品名稱(契約名稱),到期月份(週別),交易人類別,前五大交易人買方,前五大交易人賣方,前十大交易人買方,前十大交易人賣方,全市場未沖銷部位數
2026/09/11,BRF    ,布蘭特原油期貨,202611  ,0,135,51,139,82,139
2026/09/11,BRF    ,布蘭特原油期貨,202611  ,1,0,0,0,0,139
2026/09/11,BRF    ,布蘭特原油期貨,999999  ,0,142,53,152,86,152
2026/09/11,BRF    ,布蘭特原油期貨,999999  ,1,0,0,0,0,152
2026/09/11,BTF    ,臺灣生技期貨,202609  ,0,3,3,3,3,3
2026/09/11,BTF    ,臺灣生技期貨,202609  ,1,0,0,0,0,3
2026/09/11,BTF    ,臺灣生技期貨,999999  ,0,4,4,4,4,4
2026/09/11,BTF    ,臺灣生技期貨,999999  ,1,0,0,0,0,4
2026/09/11,CA     ,南亞期貨,202609  ,0,2371,4370,2864,5713,6146
2026/09/11,CA     ,南亞期貨,202609  ,1,1631,4370,1736,5713,6146
2026/09/11,CA     ,南亞期貨,999999  ,0,3058,6263,3970,8089,9237
2026/09/11,CA     ,南亞期貨,999999  ,1,2458,6263,2857,8089,9237
2026/09/11,CB     ,中鋼期貨,202609  ,0,1156,2441,1530,2705,2758
2026/09/11,CB     ,中鋼期貨,202609  ,1,106,2139,256,2403,2758
2026/09/11,CB     ,中鋼期貨,999999  ,0,1584,3076,2042,3524,3696
2026/09/11,CB     ,中鋼期貨,999999  ,1,0,2774,190,3222,3696
2026/09/11,CC     ,聯電期貨,202609  ,0,17533,37424,23871,44178,51628
2026/09/11,CC     ,聯電期貨,202609  ,1,0,37424,0,44178,51628
2026/09/11,CC     ,聯電期貨,999999  ,0,28335,57822,42875,79932,100094
2026/09/11,CC     ,聯電期貨,999999  ,1,0,57822,2860,79932,100094
2026/09/11,CD     ,台積電期貨,202609  ,0,5054,7346,6782,10920,15320
2026/09/11,CD     ,台積電期貨,202609  ,1,3001,7346,3806,10920,15320
2026/09/11,CD     ,台積電期貨,999999  ,0,12776,12279,15060,19022,32407
2026/09/11,CD     ,台積電期貨,999999  ,1,9741,12279,10830,19022,32407
2026/09/11,CE     ,富邦金期貨,202609  ,0,1720,1671,1901,1987,2057
2026/09/11,CE     ,富邦金期貨,202609  ,1,1460,1671,1556,1899,2057
2026/09/11,CE     ,富邦金期貨,999999  ,0,1920,1937,2138,2283,2401
2026/09/11,CE     ,富邦金期貨,999999  ,1,1660,1937,1768,2195,2401
2026/09/11,CF     ,台塑期貨,202609  ,0,1611,2224,1865,2552,2690
2026/09/11,CF     ,台塑期貨,202609  ,1,968,2224,968,2552,2690
2026/09/11,CF     ,台塑期貨,999999  ,0,2328,3791,3000,4307,4599
2026/09/11,CF     ,台塑期貨,999999  ,1,948,3791,1067,4307,4599
2026/09/11,CG     ,仁寶期貨,202609  ,0,2819,2823,3093,3931,4907
2026/09/11,CG     ,仁寶期貨,202609  ,1,2277,2118,2328,3075,4907
2026/09/11,CG     ,仁寶期貨,999999  ,0,3808,3431,4837,5231,8884
2026/09/11,CG     ,仁寶期貨,999999  ,1,3188,2226,3837,2226,8884
2026/09/11,CH     ,友達期貨,202609  ,0,8249,12949,10223,16966,19581
2026/09/11,CH     ,友達期貨,202609  ,1,5567,12949,6794,16572,19581
2026/09/11,CH     ,友達期貨,999999  ,0,10339,27323,13719,31598,34855
2026/09/11,CH     ,友達期貨,999999  ,1,7384,27323,9626,30687,34855
2026/09/11,CJ     ,華南金期貨,202609  ,0,518,603,588,617,773
2026/09/11,CJ     ,華南金期貨,202609  ,1,518,422,565,429,773
2026/09/11,CJ     ,華南金期貨,999999  ,0,651,740,768,809,821
2026/09/11,CJ     ,華南金期貨,999999  ,1,581,559,688,618,821
2026/09/11,CK     ,國泰金期貨,202609  ,0,1329,1436,1519,1735,1948
2026/09/11,CK     ,國泰金期貨,202609  ,1,1329,1436,1385,1735,1948
2026/09/11,CK     ,國泰金期貨,999999  ,0,1425,1539,1708,1962,2310
2026/09/11,CK     ,國泰金期貨,999999  ,1,1425,1403,1567,1826,2310
2026/09/11,CL     ,兆豐金期貨,202609  ,0,443,510,538,612,624
2026/09/11,CL     ,兆豐金期貨,202609  ,1,239,510,292,593,624
2026/09/11,CL     ,兆豐金期貨,999999  ,0,513,534,619,704,740
2026/09/11,CL     ,兆豐金期貨,999999  ,1,309,534,373,648,740
2026/09/11,CM     ,台新新光金期貨,202609  ,0,1023,1296,1251,1608,2387
2026/09/11,CM     ,台新新光金期貨,202609  ,1,112,1296,169,1559,2387
2026/09/11,CM     ,台新新光金期貨,999999  ,0,1721,1894,2164,2401,2974
2026/09/11,CM     ,台新新光金期貨,999999  ,1,157,1894,214,2331,2974
2026/09/11,CN     ,中信金期貨,202609  ,0,1451,1768,1694,1946,1980
2026/09/11,CN     ,中信金期貨,202609  ,1,1372,1768,1577,1933,1980
2026/09/11,CN     ,中信金期貨,999999  ,0,1552,1921,1795,2132,2232
2026/09/11,CN     ,中信金期貨,999999  ,1,1469,1921,1674,2132,2232
2026/09/11,CQ     ,統一期貨,202609  ,0,512,537,577,605,610
2026/09/11,CQ     ,統一期貨,202609  ,1,512,537,552,600,610
2026/09/11,CQ     ,統一期貨,999999  ,0,529,565,594,633,638
2026/09/11,CQ     ,統一期貨,999999  ,1,529,565,569,628,638
2026/09/11,CR     ,遠東新期貨,202609  ,0,253,903,390,956,961
2026/09/11,CR     ,遠東新期貨,202609  ,1,109,903,166,944,961
2026/09/11,CR     ,遠東新期貨,999999  ,0,253,994,413,1067,1080
2026/09/11,CR     ,遠東新期貨,999999  ,1,109,994,149,1063,1080
2026/09/11,CS     ,華新期貨,202609  ,0,958,2077,1292,2461,2704
2026/09/11,CS     ,華新期貨,202609  ,1,376,2077,501,2461,2704
2026/09/11,CS     ,華新期貨,999999  ,0,1556,3035,2008,3503,3828
2026/09/11,CS     ,華新期貨,999999  ,1,430,3035,582,3503,3828
2026/09/11,CU     ,中環期貨,202609  ,0,116,124,143,156,159
2026/09/11,CU     ,中環期貨,202609  ,1,0,110,9,133,159
2026/09/11,CU     ,中環期貨,999999  ,0,119,136,147,168,171
2026/09/11,CU     ,中環期貨,999999  ,1,0,113,5,136,171
2026/09/11,CW     ,佳世達期貨,202609  ,0,159,338,219,356,359
2026/09/11,CW     ,佳世達期貨,202609  ,1,67,124,67,136,359
2026/09/11,CW     ,佳世達期貨,999999  ,0,351,575,426,617,636
2026/09/11,CW     ,佳世達期貨,999999  ,1,56,375,72,398,636
2026/09/11,CX     ,大同期貨,202609  ,0,553,829,619,883,884
2026/09/11,CX     ,大同期貨,202609  ,1,152,829,169,879,884
2026/09/11,CX     ,大同期貨,999999  ,0,762,1327,914,1383,1386
2026/09/11,CX     ,大同期貨,999999  ,1,227,1327,294,1381,1386
2026/09/11,CY     ,南亞科期貨,202609  ,0,2624,4158,3641,6054,7175
2026/09/11,CY     ,南亞科期貨,202609  ,1,1417,4158,1558,5770,7175
2026/09/11,CY     ,南亞科期貨,999999  ,0,3071,5954,4388,8848,11384
2026/09/11,CY     ,南亞科期貨,999999  ,1,1709,5954,1961,8848,11384
2026/09/11,CZ     ,長榮期貨,202609  ,0,2445,5432,3149,5568,5629
2026/09/11,CZ     ,長榮期貨,202609  ,1,1588,5432,1738,5568,5629
2026/09/11,CZ     ,長榮期貨,999999  ,0,2757,7404,3736,7657,7776
2026/09/11,CZ     ,長榮期貨,999999  ,1,1640,7404,1790,7657,7776
2026/09/11,DA     ,陽明期貨,202609  ,0,4176,5646,4553,6506,6779
2026/09/11,DA     ,陽明期貨,202609  ,1,706,5646,786,6506,6779
2026/09/11,DA     ,陽明期貨,999999  ,0,4461,5878,4890,7220,7681
2026/09/11,DA     ,陽明期貨,999999  ,1,752,5878,857,7220,7681
2026/09/11,DB     ,華航期貨,202609  ,0,634,1200,843,1326,1391
2026/09/11,DB     ,華航期貨,202609  ,1,310,1200,354,1293,1391
2026/09/11,DB     ,華航期貨,999999  ,0,678,1309,896,1466,1548
2026/09/11,DB     ,華航期貨,999999  ,1,339,1309,383,1433,1548
2026/09/11,DC     ,彰銀期貨,202609  ,0,161,172,185,194,211
2026/09/11,DC     ,彰銀期貨,202609  ,1,95,154,107,167,211
2026/09/11,DC     ,彰銀期貨,999999  ,0,169,186,202,215,221
2026/09/11,DC     ,彰銀期貨,999999  ,1,113,168,125,182,221
2026/09/11,DE     ,永豐金期貨,202609  ,0,336,318,363,388,441
2026/09/11,DE     ,永豐金期貨,202609  ,1,328,104,328,148,441
2026/09/11,DE     ,永豐金期貨,999999  ,0,407,397,456,487,515
2026/09/11,DE     ,永豐金期貨,999999  ,1,374,145,374,185,515
2026/09/11,DF     ,台泥期貨,202609  ,0,912,2804,1362,2931,2967
2026/09/11,DF     ,台泥期貨,202609  ,1,190,2804,399,2931,2967
2026/09/11,DF     ,台泥期貨,999999  ,0,1547,4055,2323,4538,4978
2026/09/11,DF     ,台泥期貨,999999  ,1,376,4055,695,4538,4978
2026/09/11,DG     ,台化期貨,202609  ,0,1093,2162,1315,2282,2374
2026/09/11,DG     ,台化期貨,202609  ,1,563,2162,563,2282,2374
2026/09/11,DG     ,台化期貨,999999  ,0,1410,2761,1740,3045,3204
2026/09/11,DG     ,台化期貨,999999  ,1,610,2761,610,3045,3204
2026/09/11,DH     ,鴻海期貨,202609  ,0,7469,10730,8278,11751,12523
2026/09/11,DH     ,鴻海期貨,202609  ,1,7469,10730,7753,11751,12523
2026/09/11,DH     ,鴻海期貨,999999  ,0,15959,22468,17613,24332,26062
2026/09/11,DH     ,鴻海期貨,999999  ,1,15566,22468,16304,24332,26062
2026/09/11,DI     ,旺宏期貨,202609  ,0,1320,3295,1728,3870,4333
2026/09/11,DI     ,旺宏期貨,202609  ,1,543,3295,543,3870,4333
2026/09/11,DI     ,旺宏期貨,999999  ,0,2885,5882,3635,6830,7764
2026/09/11,DI     ,旺宏期貨,999999  ,1,2258,5882,2258,6830,7764
2026/09/11,DJ     ,華碩期貨,202609  ,0,333,296,426,422,529
2026/09/11,DJ     ,華碩期貨,202609  ,1,97,296,133,372,529
2026/09/11,DJ     ,華碩期貨,999999  ,0,340,326,433,465,575
2026/09/11,DJ     ,華碩期貨,999999  ,1,104,326,140,415,575
2026/09/11,DK     ,廣達期貨,202609  ,0,2614,3830,3162,3949,3977
2026/09/11,DK     ,廣達期貨,202609  ,1,2614,3830,3132,3949,3977
2026/09/11,DK     ,廣達期貨,999999  ,0,3426,5238,4126,5388,5480
2026/09/11,DK     ,廣達期貨,999999  ,1,3426,5238,4126,5388,5480
2026/09/11,DL     ,中華電期貨,202609  ,0,179,224,251,276,317
2026/09/11,DL     ,中華電期貨,202609  ,1,105,224,122,243,317
2026/09/11,DL     ,中華電期貨,999999  ,0,201,240,308,350,418
2026/09/11,DL     ,中華電期貨,999999  ,1,76,240,124,317,418
2026/09/11,DN     ,玉山金期貨,202609  ,0,1080,845,1205,1120,1362
2026/09/11,DN     ,玉山金期貨,202609  ,1,882,845,967,1015,1362
2026/09/11,DN     ,玉山金期貨,999999  ,0,1213,1049,1478,1508,1900
2026/09/11,DN     ,玉山金期貨,999999  ,1,964,1049,1089,1403,1900
2026/09/11,DO     ,元大金期貨,202609  ,0,408,481,470,523,666
2026/09/11,DO     ,元大金期貨,202609  ,1,383,448,397,465,666
2026/09/11,DO     ,元大金期貨,999999  ,0,488,564,569,655,701
2026/09/11,DO     ,元大金期貨,999999  ,1,435,564,457,573,701
2026/09/11,DP     ,第一金期貨,202609  ,0,611,603,651,646,655
2026/09/11,DP     ,第一金期貨,202609  ,1,611,216,638,259,655
2026/09/11,DP     ,第一金期貨,999999  ,0,611,682,703,726,736
2026/09/11,DP     ,第一金期貨,999999  ,1,611,295,638,339,736
2026/09/11,DQ     ,群創期貨,202609  ,0,8706,18577,10743,20972,21879
2026/09/11,DQ     ,群創期貨,202609  ,1,7629,18577,9316,20326,21879
2026/09/11,DQ     ,群創期貨,999999  ,0,10747,25543,14365,29014,33713
2026/09/11,DQ     ,群創期貨,999999  ,1,9670,25543,13288,27768,33713
2026/09/11,DS     ,宏碁期貨,202609  ,0,1654,2880,2061,3017,3041
2026/09/11,DS     ,宏碁期貨,202609  ,1,1654,2595,1872,2718,3041
2026/09/11,DS     ,宏碁期貨,999999  ,0,2016,3818,2459,4084,4156
2026/09/11,DS     ,宏碁期貨,999999  ,1,2016,3533,2259,3799,4156
2026/09/11,DV     ,聯發科期貨,202609  ,0,555,1193,826,1640,1872
2026/09/11,DV     ,聯發科期貨,202609  ,1,202,1193,202,1640,1872
2026/09/11,DV     ,聯發科期貨,999999  ,0,1826,3295,2622,4135,4656
2026/09/11,DV     ,聯發科期貨,999999  ,1,281,3295,686,4135,4656
2026/09/11,DW     ,潤泰全期貨,202609  ,0,675,766,736,807,813
2026/09/11,DW     ,潤泰全期貨,202609  ,1,0,766,8,787,813
2026/09/11,DW     ,潤泰全期貨,999999  ,0,934,1005,1020,1116,1149
2026/09/11,DW     ,潤泰全期貨,999999  ,1,0,1005,0,1105,1149
2026/09/11,DX     ,緯創期貨,202609  ,0,8205,8350,8753,10898,11719
2026/09/11,DX     ,緯創期貨,202609  ,1,1625,8350,1709,10898,11719
2026/09/11,DX     ,緯創期貨,999999  ,0,8744,10047,9577,13180,14563
2026/09/11,DX     ,緯創期貨,999999  ,1,1487,10047,1648,13180,14563
2026/09/11,DY     ,亞泥期貨,202609  ,0,308,359,398,430,447
2026/09/11,DY     ,亞泥期貨,202609  ,1,209,359,262,387,447
2026/09/11,DY     ,亞泥期貨,999999  ,0,333,374,423,455,487
2026/09/11,DY     ,亞泥期貨,999999  ,1,220,374,273,424,487
2026/09/11,DZ     ,大成期貨,202609  ,0,43,42,48,49,49
2026/09/11,DZ     ,大成期貨,202609  ,1,33,9,33,15,49
2026/09/11,DZ     ,大成期貨,999999  ,0,45,44,51,52,53
2026/09/11,DZ     ,大成期貨,999999  ,1,33,11,33,19,53
2026/09/11,E4F    ,臺灣永續期貨,202609  ,0,41,41,41,41,41
2026/09/11,E4F    ,臺灣永續期貨,202609  ,1,0,0,0,0,41
2026/09/11,E4F    ,臺灣永續期貨,999999  ,0,41,41,41,41,41
2026/09/11,E4F    ,臺灣永續期貨,999999  ,1,0,0,0,0,41
2026/09/11,EE     ,國喬期貨,202609  ,0,870,1523,1075,1558,1565
2026/09/11,EE     ,國喬期貨,202609  ,1,57,1523,166,1553,1565
2026/09/11,EE     ,國喬期貨,999999  ,0,952,2136,1335,2182,2206
2026/09/11,EE     ,國喬期貨,999999  ,1,229,2136,460,2182,2206
2026/09/11,EG     ,中石化期貨,202609  ,0,472,812,601,990,1012
2026/09/11,EG     ,中石化期貨,202609  ,1,42,812,82,960,1012
2026/09/11,EG     ,中石化期貨,999999  ,0,580,1120,766,1312,1366
2026/09/11,EG     ,中石化期貨,999999  ,1,0,1120,82,1282,1366
2026/09/11,EH     ,東陽期貨,202609  ,0,228,607,322,607,607
2026/09/11,EH     ,東陽期貨,202609  ,1,131,606,188,606,607
2026/09/11,EH     ,東陽期貨,999999  ,0,249,705,349,719,719
2026/09/11,EH     ,東陽期貨,999999  ,1,108,705,170,712,719
2026/09/11,EK     ,南紡期貨,202609  ,0,183,198,218,248,260
2026/09/11,EK     ,南紡期貨,202609  ,1,21,198,21,237,260
2026/09/11,EK     ,南紡期貨,999999  ,0,203,245,261,311,332
2026/09/11,EK     ,南紡期貨,999999  ,1,21,245,21,300,332
2026/09/11,EM     ,東元期貨,202609  ,0,586,1328,823,1364,1367
2026/09/11,EM     ,東元期貨,202609  ,1,407,1328,444,1361,1367
2026/09/11,EM     ,東元期貨,999999  ,0,666,1615,945,1674,1685
2026/09/11,EM     ,東元期貨,999999  ,1,561,1615,561,1674,1685
2026/09/11,EO     ,中砂期貨,202609  ,0,8,7,11,11,11
2026/09/11,EO     ,中砂期貨,202609  ,1,3,7,4,10,11
2026/09/11,EO     ,中砂期貨,999999  ,0,15,16,20,21,23
2026/09/11,EO     ,中砂期貨,999999  ,1,7,16,9,20,23
2026/09/11,EP     ,亞德客-KY期貨,202609  ,0,30,32,35,38,38
2026/09/11,EP     ,亞德客-KY期貨,202609  ,1,23,32,23,35,38
2026/09/11,EP     ,亞德客-KY期貨,999999  ,0,42,41,52,53,58
2026/09/11,EP     ,亞德客-KY期貨,999999  ,1,22,37,23,49,58
2026/09/11,EY     ,中纖期貨,202609  ,0,210,600,292,629,631
2026/09/11,EY     ,中纖期貨,202609  ,1,146,600,180,626,631
2026/09/11,EY     ,中纖期貨,999999  ,0,261,707,366,796,814
2026/09/11,EY     ,中纖期貨,999999  ,1,143,707,184,796,814
2026/09/11,EZ     ,台肥期貨,202609  ,0,47,66,64,70,70
2026/09/11,EZ     ,台肥期貨,202609  ,1,5,66,9,69,70
2026/09/11,EZ     ,台肥期貨,999999  ,0,89,98,109,117,117
2026/09/11,EZ     ,台肥期貨,999999  ,1,5,98,9,116,117
2026/09/11,F1F    ,英國富時100期貨,202609  ,0,31,33,33,33,33
2026/09/11,F1F    ,英國富時100期貨,202609  ,1,19,0,19,0,33
2026/09/11,F1F    ,英國富時100期貨,999999  ,0,41,51,49,51,51
2026/09/11,F1F    ,英國富時100期貨,999999  ,1,19,11,19,11,51
2026/09/11,FB     ,東和鋼鐵期貨,202609  ,0,29,40,37,42,42
2026/09/11,FB     ,東和鋼鐵期貨,202609  ,1,5,38,7,39,42
2026/09/11,FB     ,東和鋼鐵期貨,999999  ,0,29,48,41,51,51
2026/09/11,FB     ,東和鋼鐵期貨,999999  ,1,5,46,5,48,51
2026/09/11,FE     ,大成鋼期貨,202609  ,0,1248,2082,1564,2354,2457
2026/09/11,FE     ,大成鋼期貨,202609  ,1,336,2082,336,2354,2457
2026/09/11,FE     ,大成鋼期貨,999999  ,0,1602,2698,2056,3129,3285
2026/09/11,FE     ,大成鋼期貨,999999  ,1,336,2698,336,3129,3285
2026/09/11,FF     ,上銀期貨,202609  ,0,130,277,184,319,334
2026/09/11,FF     ,上銀期貨,202609  ,1,110,277,119,319,334
2026/09/11,FF     ,上銀期貨,999999  ,0,168,340,226,396,425
2026/09/11,FF     ,上銀期貨,999999  ,1,148,340,157,396,425
2026/09/11,FG     ,川湖期貨,202609  ,0,67,70,84,91,96
2026/09/11,FG     ,川湖期貨,202609  ,1,47,70,54,91,96
2026/09/11,FG     ,川湖期貨,999999  ,0,82,73,106,108,120
2026/09/11,FG     ,川湖期貨,999999  ,1,67,73,70,100,120
2026/09/11,FK     ,正新期貨,202609  ,0,197,364,281,401,412
2026/09/11,FK     ,正新期貨,202609  ,1,60,364,82,401,412
2026/09/11,FK     ,正新期貨,999999  ,0,249,485,363,588,602
2026/09/11,FK     ,正新期貨,999999  ,1,60,485,82,588,602
2026/09/11,FN     ,裕隆期貨,202609  ,0,396,1104,560,1108,1108
2026/09/11,FN     ,裕隆期貨,202609  ,1,213,1102,248,1103,1108
2026/09/11,FN     ,裕隆期貨,999999  ,0,568,1452,798,1627,1681
2026/09/11,FN     ,裕隆期貨,999999  ,1,171,1452,213,1559,1681
2026/09/11,FQ     ,光寶科期貨,202609  ,0,2854,3133,3389,4300,4910
2026/09/11,FQ     ,光寶科期貨,202609  ,1,1332,3133,1436,4300,4910
2026/09/11,FQ     ,光寶科期貨,999999  ,0,3455,4446,4323,5739,6683
2026/09/11,FQ     ,光寶科期貨,999999  ,1,2070,4446,2070,5739,6683
2026/09/11,FR     ,台達電期貨,202609  ,0,519,1090,717,1542,1735
2026/09/11,FR     ,台達電期貨,202609  ,1,88,1090,138,1542,1735
2026/09/11,FR     ,台達電期貨,999999  ,0,2551,3741,3240,4590,5084
2026/09/11,FR     ,台達電期貨,999999  ,1,544,3741,781,4590,5084
2026/09/11,FS     ,金寶期貨,202609  ,0,411,800,506,809,813
2026/09/11,FS     ,金寶期貨,202609  ,1,411,800,448,804,813
2026/09/11,FS     ,金寶期貨,999999  ,0,945,1774,1173,1790,1798
2026/09/11,FS     ,金寶期貨,999999  ,1,945,1774,1140,1787,1798
2026/09/11,FT     ,華通期貨,202609  ,0,469,1811,721,2095,2387
2026/09/11,FT     ,華通期貨,202609  ,1,149,1811,208,2065,2387
2026/09/11,FT     ,華通期貨,999999  ,0,757,2648,1067,3106,3430
2026/09/11,FT     ,華通期貨,999999  ,1,337,2648,486,3045,3430
2026/09/11,FV     ,精英期貨,202609  ,0,88,101,107,115,116
2026/09/11,FV     ,精英期貨,202609  ,1,74,101,78,105,116
2026/09/11,FV     ,精英期貨,999999  ,0,258,362,320,376,377
2026/09/11,FV     ,精英期貨,999999  ,1,107,362,136,366,377
2026/09/11,FW     ,友訊期貨,202609  ,0,476,1032,594,1058,1063
2026/09/11,FW     ,友訊期貨,202609  ,1,331,1032,372,1053,1063
2026/09/11,FW     ,友訊期貨,999999  ,0,646,1335,796,1395,1410
2026/09/11,FW     ,友訊期貨,999999  ,1,336,1335,403,1391,1410
2026/09/11,FY     ,台亞期貨,202609  ,0,234,416,322,426,426
2026/09/11,FY     ,台亞期貨,202609  ,1,234,408,285,414,426
2026/09/11,FY     ,台亞期貨,999999  ,0,480,848,695,867,872
2026/09/11,FY     ,台亞期貨,999999  ,1,480,840,637,851,872
2026/09/11,FZ     ,華邦電期貨,202609  ,0,3744,7462,4931,9022,10445
2026/09/11,FZ     ,華邦電期貨,202609  ,1,1926,7462,2225,9022,10445
2026/09/11,FZ     ,華邦電期貨,999999  ,0,4933,9808,6909,12741,15882
2026/09/11,FZ     ,華邦電期貨,999999  ,1,2880,9808,3537,12741,15882
2026/09/11,G2F    ,富櫃200期貨,202609  ,0,35,35,35,35,35
2026/09/11,G2F    ,富櫃200期貨,202609  ,1,19,3,19,3,35
2026/09/11,G2F    ,富櫃200期貨,999999  ,0,45,37,45,45,45
2026/09/11,G2F    ,富櫃200期貨,999999  ,1,29,0,29,3,45
2026/09/11,GA     ,聯強期貨,202609  ,0,56,73,77,87,87
2026/09/11,GA     ,聯強期貨,202609  ,1,46,73,55,87,87
2026/09/11,GA     ,聯強期貨,999999  ,0,170,202,202,223,224
2026/09/11,GA     ,聯強期貨,999999  ,1,146,202,166,223,224
2026/09/11,GC     ,鴻準期貨,202609  ,0,216,785,322,883,916
2026/09/11,GC     ,鴻準期貨,202609  ,1,56,785,85,883,916
2026/09/11,GC     ,鴻準期貨,999999  ,0,259,957,395,1137,1205
2026/09/11,GC     ,鴻準期貨,999999  ,1,56,957,114,1137,1205
2026/09/11,GDF    ,黃金期貨,202610  ,0,185,287,252,287,287
2026/09/11,GDF    ,黃金期貨,202610  ,1,0,100,0,100,287
2026/09/11,GDF    ,黃金期貨,999999  ,0,204,333,284,335,335
2026/09/11,GDF    ,黃金期貨,999999  ,1,0,146,0,146,335
2026/09/11,GH     ,技嘉期貨,202609  ,0,1191,1848,1506,2067,2086
2026/09/11,GH     ,技嘉期貨,202609  ,1,929,1848,1027,2067,2086
2026/09/11,GH     ,技嘉期貨,999999  ,0,1337,2671,1782,2921,2948
2026/09/11,GH     ,技嘉期貨,999999  ,1,1037,2671,1242,2921,2948
2026/09/11,GI     ,微星期貨,202609  ,0,273,1061,406,1131,1149
2026/09/11,GI     ,微星期貨,202609  ,1,174,1061,228,1127,1149
2026/09/11,GI     ,微星期貨,999999  ,0,342,1668,575,1772,1809
2026/09/11,GI     ,微星期貨,999999  ,1,284,1668,467,1772,1809
2026/09/11,GJ     ,瑞昱期貨,202609  ,0,295,219,357,342,429
2026/09/11,GJ     ,瑞昱期貨,202609  ,1,270,142,297,217,429
2026/09/11,GJ     ,瑞昱期貨,999999  ,0,401,270,571,422,714
2026/09/11,GJ     ,瑞昱期貨,999999  ,1,401,118,545,244,714
2026/09/11,GK     ,群光期貨,202609  ,0,77,166,107,170,170
2026/09/11,GK     ,群光期貨,202609  ,1,62,164,76,165,170
2026/09/11,GK     ,群光期貨,999999  ,0,126,352,185,361,364
2026/09/11,GK     ,群光期貨,999999  ,1,106,352,129,357,364
2026/09/11,GL     ,正崴期貨,202609  ,0,212,307,256,318,319
2026/09/11,GL     ,正崴期貨,202609  ,1,0,307,36,314,319
2026/09/11,GL     ,正崴期貨,999999  ,0,230,350,280,376,381
2026/09/11,GL     ,正崴期貨,999999  ,1,0,350,30,374,381
2026/09/11,GM     ,億光期貨,202609  ,0,73,87,94,102,105
2026/09/11,GM     ,億光期貨,202609  ,1,32,87,37,102,105
2026/09/11,GM     ,億光期貨,999999  ,0,91,102,114,123,129
2026/09/11,GM     ,億光期貨,999999  ,1,32,102,35,123,129
2026/09/11,GN     ,凌陽期貨,202609  ,0,79,92,92,123,135
2026/09/11,GN     ,凌陽期貨,202609  ,1,70,92,72,113,135
2026/09/11,GN     ,凌陽期貨,999999  ,0,81,104,98,135,151
2026/09/11,GN     ,凌陽期貨,999999  ,1,70,104,70,125,151
2026/09/11,GO     ,漢唐期貨,202609  ,0,46,87,74,118,140
2026/09/11,GO     ,漢唐期貨,202609  ,1,10,87,21,118,140
2026/09/11,GO     ,漢唐期貨,999999  ,0,59,101,95,141,177
2026/09/11,GO     ,漢唐期貨,999999  ,1,20,101,20,141,177
2026/09/11,GR     ,京元電子期貨,202609  ,0,833,2845,1336,2971,3378
2026/09/11,GR     ,京元電子期貨,202609  ,1,513,2845,896,2971,3378
2026/09/11,GR     ,京元電子期貨,999999  ,0,1430,4175,2183,4739,4956
2026/09/11,GR     ,京元電子期貨,999999  ,1,1230,4175,1743,4639,4956
2026/09/11,GTF    ,櫃買期貨,202609  ,0,0,0,0,0,0
2026/09/11,GTF    ,櫃買期貨,202609  ,1,0,0,0,0,0
2026/09/11,GTF    ,櫃買期貨,999999  ,0,0,0,0,0,0
2026/09/11,GTF    ,櫃買期貨,999999  ,1,0,0,0,0,0
2026/09/11,GU     ,全新期貨,202609  ,0,885,1320,1126,1850,2159
2026/09/11,GU     ,全新期貨,202609  ,1,185,1171,185,1701,2159
2026/09/11,GU     ,全新期貨,999999  ,0,971,1562,1247,2196,2594
2026/09/11,GU     ,全新期貨,999999  ,1,211,1413,211,2047,2594
2026/09/11,GV     ,飛宏期貨,202609  ,0,58,85,69,86,86
2026/09/11,GV     ,飛宏期貨,202609  ,1,24,84,26,85,86
2026/09/11,GV     ,飛宏期貨,999999  ,0,80,120,97,122,122
2026/09/11,GV     ,飛宏期貨,999999  ,1,24,117,24,118,122
2026/09/11,GW     ,義隆期貨,202609  ,0,137,267,179,280,285
2026/09/11,GW     ,義隆期貨,202609  ,1,122,231,131,242,285
2026/09/11,GW     ,義隆期貨,999999  ,0,142,318,195,339,350
2026/09/11,GW     ,義隆期貨,999999  ,1,126,249,135,265,350
2026/09/11,GX     ,可成期貨,202609  ,0,187,1146,317,1192,1216
2026/09/11,GX     ,可成期貨,202609  ,1,29,1146,29,1192,1216
2026/09/11,GX     ,可成期貨,999999  ,0,645,3022,901,3087,3122
2026/09/11,GX     ,可成期貨,999999  ,1,0,3022,0,3087,3122
2026/09/11,GY     ,強茂期貨,202609  ,0,770,2278,1147,2593,2821
2026/09/11,GY     ,強茂期貨,202609  ,1,360,2089,529,2284,2821
2026/09/11,GY     ,強茂期貨,999999  ,0,908,2731,1378,3418,4659
2026/09/11,GY     ,強茂期貨,999999  ,1,583,2162,754,2329,4659
2026/09/11,GZ     ,兆赫期貨,202609  ,0,87,163,128,191,213
2026/09/11,GZ     ,兆赫期貨,202609  ,1,75,163,81,176,213
2026/09/11,GZ     ,兆赫期貨,999999  ,0,231,375,296,415,448
2026/09/11,GZ     ,兆赫期貨,999999  ,1,211,375,249,404,448
2026/09/11,HA     ,瑞軒期貨,202609  ,0,2580,4021,3021,4183,4213
2026/09/11,HA     ,瑞軒期貨,202609  ,1,0,4021,92,4171,4213
2026/09/11,HA     ,瑞軒期貨,999999  ,0,2591,4334,3092,4624,4710
2026/09/11,HA     ,瑞軒期貨,999999  ,1,0,4334,92,4624,4710
2026/09/11,HB     ,華新科期貨,202609  ,0,2785,4557,3154,4808,5009
2026/09/11,HB     ,華新科期貨,202609  ,1,0,4557,0,4756,5009
2026/09/11,HB     ,華新科期貨,999999  ,0,3289,5781,3758,6331,6603
2026/09/11,HB     ,華新科期貨,999999  ,1,0,5781,94,6279,6603
2026/09/11,HC     ,宏達電期貨,202609  ,0,751,1436,1044,1592,1622
2026/09/11,HC     ,宏達電期貨,202609  ,1,660,1136,858,1274,1622
2026/09/11,HC     ,宏達電期貨,999999  ,0,779,1542,1079,1805,1886
2026/09/11,HC     ,宏達電期貨,999999  ,1,685,1322,883,1505,1886
2026/09/11,HH     ,中工期貨,202609  ,0,125,142,157,162,222
2026/09/11,HH     ,中工期貨,202609  ,1,42,108,48,118,222
2026/09/11,HH     ,中工期貨,999999  ,0,277,333,331,358,366
2026/09/11,HH     ,中工期貨,999999  ,1,42,272,48,290,366
2026/09/11,HI     ,冠德期貨,202609  ,0,87,134,130,170,171
2026/09/11,HI     ,冠德期貨,202609  ,1,14,134,23,170,171
2026/09/11,HI     ,冠德期貨,999999  ,0,110,198,165,238,240
2026/09/11,HI     ,冠德期貨,999999  ,1,0,198,14,238,240
2026/09/11,HL     ,興富發期貨,202609  ,0,423,620,520,662,665
2026/09/11,HL     ,興富發期貨,202609  ,1,262,620,262,647,665
2026/09/11,HL     ,興富發期貨,999999  ,0,444,647,556,712,728
2026/09/11,HL     ,興富發期貨,999999  ,1,262,647,262,681,728
2026/09/11,HO     ,華固期貨,202609  ,0,127,118,146,139,184
2026/09/11,HO     ,華固期貨,202609  ,1,67,107,74,116,184
2026/09/11,HO     ,華固期貨,999999  ,0,132,146,176,176,189
2026/09/11,HO     ,華固期貨,999999  ,1,68,135,96,150,189
2026/09/11,HQ     ,新興期貨,202609  ,0,730,2051,1073,2142,2158
2026/09/11,HQ     ,新興期貨,202609  ,1,485,2051,567,2124,2158
2026/09/11,HQ     ,新興期貨,999999  ,0,767,2313,1180,2490,2589
2026/09/11,HQ     ,新興期貨,999999  ,1,520,2313,602,2445,2589
2026/09/11,HS     ,長榮航期貨,202609  ,0,1362,2218,1820,2601,2867
2026/09/11,HS     ,長榮航期貨,202609  ,1,1362,2218,1362,2551,2867
2026/09/11,HS     ,長榮航期貨,999999  ,0,1663,2572,2203,3214,3595
2026/09/11,HS     ,長榮航期貨,999999  ,1,1663,2047,1663,2689,3595
2026/09/11,IA     ,臺企銀期貨,202609  ,0,462,485,510,521,866
2026/09/11,IA     ,臺企銀期貨,202609  ,1,434,413,440,447,866
2026/09/11,IA     ,臺企銀期貨,999999  ,0,661,852,822,943,962
2026/09/11,IA     ,臺企銀期貨,999999  ,1,601,801,662,862,962
2026/09/11,IH     ,農林期貨,202609  ,0,99,105,113,117,117
2026/09/11,IH     ,農林期貨,202609  ,1,0,95,3,104,117
2026/09/11,IH     ,農林期貨,999999  ,0,116,132,138,145,146
2026/09/11,IH     ,農林期貨,999999  ,1,0,120,3,128,146
2026/09/11,II     ,晶豪科期貨,202609  ,0,1484,1395,1631,1922,2204
2026/09/11,II     ,晶豪科期貨,202609  ,1,1083,1126,1104,1653,2204
2026/09/11,II     ,晶豪科期貨,999999  ,0,1730,1641,2059,2437,2853
2026/09/11,II     ,晶豪科期貨,999999  ,1,1197,1372,1197,2168,2853
2026/09/11,IJ     ,大立光期貨,202609  ,0,412,499,485,598,638
2026/09/11,IJ     ,大立光期貨,202609  ,1,283,499,301,552,638
2026/09/11,IJ     ,大立光期貨,999999  ,0,806,999,979,1128,1312
2026/09/11,IJ     ,大立光期貨,999999  ,1,329,999,360,1099,1312
2026/09/11,IM     ,亞光期貨,202609  ,0,917,1368,1006,1469,1485
2026/09/11,IM     ,亞光期貨,202609  ,1,866,1368,886,1469,1485
2026/09/11,IM     ,亞光期貨,999999  ,0,1480,2468,1803,2698,2732
2026/09/11,IM     ,亞光期貨,999999  ,1,1480,2468,1544,2698,2732
2026/09/11,IO     ,聯詠期貨,202609  ,0,215,378,297,421,437
2026/09/11,IO     ,聯詠期貨,202609  ,1,178,363,225,406,437
2026/09/11,IO     ,聯詠期貨,999999  ,0,227,507,325,550,573
2026/09/11,IO     ,聯詠期貨,999999  ,1,160,492,223,535,573
2026/09/11,IP     ,智原期貨,202609  ,0,269,580,338,601,614
2026/09/11,IP     ,智原期貨,202609  ,1,249,533,276,548,614
2026/09/11,IP     ,智原期貨,999999  ,0,390,1051,510,1093,1122
2026/09/11,IP     ,智原期貨,999999  ,1,390,956,462,993,1122
2026/09/11,IQ     ,文曄期貨,202609  ,0,545,1302,718,1365,1390
2026/09/11,IQ     ,文曄期貨,202609  ,1,343,1276,369,1339,1390
2026/09/11,IQ     ,文曄期貨,999999  ,0,1004,2026,1229,2147,2206
2026/09/11,IQ     ,文曄期貨,999999  ,1,840,2026,840,2121,2206
2026/09/11,IR     ,欣興期貨,202609  ,0,920,1202,1120,1834,2565
2026/09/11,IR     ,欣興期貨,202609  ,1,715,1202,715,1834,2565
2026/09/11,IR     ,欣興期貨,999999  ,0,1496,2066,1875,3193,4402
2026/09/11,IR     ,欣興期貨,999999  ,1,1050,2066,1224,3193,4402
2026/09/11,IT     ,晶技期貨,202609  ,0,2335,2478,2456,3001,3210
2026/09/11,IT     ,晶技期貨,202609  ,1,0,2478,0,2755,3210
2026/09/11,IT     ,晶技期貨,999999  ,0,2993,2602,3260,3502,4581
2026/09/11,IT     ,晶技期貨,999999  ,1,168,2602,287,2895,4581
2026/09/11,IX     ,景碩期貨,202609  ,0,2301,2563,2608,3449,4034
2026/09/11,IX     ,景碩期貨,202609  ,1,849,2563,849,3449,4034
2026/09/11,IX     ,景碩期貨,999999  ,0,2856,3437,3299,4451,5308
2026/09/11,IX     ,景碩期貨,999999  ,1,1027,3437,1027,4451,5308
2026/09/11,IY     ,新日興期貨,202609  ,0,1319,2232,1563,2346,2370
2026/09/11,IY     ,新日興期貨,202609  ,1,789,2232,789,2346,2370
2026/09/11,IY     ,新日興期貨,999999  ,0,1327,2476,1641,2635,2750
2026/09/11,IY     ,新日興期貨,999999  ,1,789,2476,789,2635,2750
2026/09/11,IZ     ,明泰期貨,202609  ,0,196,269,232,275,275
2026/09/11,IZ     ,明泰期貨,202609  ,1,82,269,95,274,275
2026/09/11,IZ     ,明泰期貨,999999  ,0,281,425,373,459,459
2026/09/11,IZ     ,明泰期貨,999999  ,1,61,425,119,458,459
2026/09/11,JB     ,創意期貨,202609  ,0,178,293,293,427,553
2026/09/11,JB     ,創意期貨,202609  ,1,72,293,93,427,553
2026/09/11,JB     ,創意期貨,999999  ,0,338,543,508,780,967
2026/09/11,JB     ,創意期貨,999999  ,1,40,543,112,780,967
2026/09/11,JF     ,嘉澤期貨,202609  ,0,51,62,66,88,93
2026/09/11,JF     ,嘉澤期貨,202609  ,1,18,62,18,88,93
2026/09/11,JF     ,嘉澤期貨,999999  ,0,54,71,73,97,107
2026/09/11,JF     ,嘉澤期貨,999999  ,1,18,71,23,97,107
2026/09/11,JM     ,健策期貨,202609  ,0,180,159,213,215,235
2026/09/11,JM     ,健策期貨,202609  ,1,114,159,114,203,235
2026/09/11,JM     ,健策期貨,999999  ,0,279,276,327,337,380
2026/09/11,JM     ,健策期貨,999999  ,1,111,276,126,325,380
2026/09/11,JN     ,TPK-KY期貨,202609  ,0,158,544,258,553,553
2026/09/11,JN     ,TPK-KY期貨,202609  ,1,61,536,131,537,553
2026/09/11,JN     ,TPK-KY期貨,999999  ,0,273,822,389,837,845
2026/09/11,JN     ,TPK-KY期貨,999999  ,1,61,814,131,824,845
2026/09/11,JP     ,大聯大期貨,202609  ,0,646,997,801,1212,1278
2026/09/11,JP     ,大聯大期貨,202609  ,1,159,997,159,1173,1278
2026/09/11,JP     ,大聯大期貨,999999  ,0,898,1227,1152,1558,1794
2026/09/11,JP     ,大聯大期貨,999999  ,1,159,1227,159,1558,1794
2026/09/11,JS     ,和碩期貨,202609  ,0,284,443,364,553,589
2026/09/11,JS     ,和碩期貨,202609  ,1,138,443,149,553,589
2026/09/11,JS     ,和碩期貨,999999  ,0,287,462,368,581,637
2026/09/11,JS     ,和碩期貨,999999  ,1,141,462,152,581,637
2026/09/11,JW     ,長虹期貨,202609  ,0,83,97,103,111,115
2026/09/11,JW     ,長虹期貨,202609  ,1,0,97,0,110,115
2026/09/11,JW     ,長虹期貨,999999  ,0,191,220,224,239,244
2026/09/11,JW     ,長虹期貨,999999  ,1,0,191,0,210,244
2026/09/11,JX     ,群益證期貨,202609  ,0,222,244,236,250,286
2026/09/11,JX     ,群益證期貨,202609  ,1,192,232,192,233,286
2026/09/11,JX     ,群益證期貨,999999  ,0,233,297,267,316,316
2026/09/11,JX     ,群益證期貨,999999  ,1,192,289,192,290,316
2026/09/11,JZ     ,嘉聯益期貨,202609  ,0,159,201,198,238,243
2026/09/11,JZ     ,嘉聯益期貨,202609  ,1,21,182,30,214,243
2026/09/11,JZ     ,嘉聯益期貨,999999  ,0,172,242,218,285,292
2026/09/11,JZ     ,嘉聯益期貨,999999  ,1,21,223,30,261,292
2026/09/11,KA     ,瑞儀期貨,202609  ,0,48,72,67,95,224
2026/09/11,KA     ,瑞儀期貨,202609  ,1,6,52,10,75,224
2026/09/11,KA     ,瑞儀期貨,999999  ,0,100,171,160,238,291
2026/09/11,KA     ,瑞儀期貨,999999  ,1,44,171,44,218,291
2026/09/11,KB     ,聯茂期貨,202609  ,0,934,986,1122,1502,1917
2026/09/11,KB     ,聯茂期貨,202609  ,1,861,986,861,1502,1917
2026/09/11,KB     ,聯茂期貨,999999  ,0,1106,1578,1438,2299,2871
2026/09/11,KB     ,聯茂期貨,999999  ,1,1106,1578,1106,2299,2871
2026/09/11,KC     ,力成期貨,202609  ,0,398,1284,592,1686,1819
2026/09/11,KC     ,力成期貨,202609  ,1,0,1284,45,1686,1819
2026/09/11,KC     ,力成期貨,999999  ,0,568,1976,803,2519,2744
2026/09/11,KC     ,力成期貨,999999  ,1,0,1976,45,2519,2744
2026/09/11,KD     ,同欣電期貨,202609  ,0,212,381,254,462,493
2026/09/11,KD     ,同欣電期貨,202609  ,1,136,381,143,462,493
2026/09/11,KD     ,同欣電期貨,999999  ,0,225,430,272,529,574
2026/09/11,KD     ,同欣電期貨,999999  ,1,143,430,150,529,574
2026/09/11,KE     ,台表科期貨,202609  ,0,151,525,223,559,574
2026/09/11,KE     ,台表科期貨,202609  ,1,52,525,65,559,574
2026/09/11,KE     ,台表科期貨,999999  ,0,153,589,246,631,677
2026/09/11,KE     ,台表科期貨,999999  ,1,31,589,68,631,677
2026/09/11,KF     ,康舒期貨,202609  ,0,471,954,655,1263,1346
2026/09/11,KF     ,康舒期貨,202609  ,1,308,954,384,1183,1346
2026/09/11,KF     ,康舒期貨,999999  ,0,623,1489,860,1827,2000
2026/09/11,KF     ,康舒期貨,999999  ,1,339,1489,481,1747,2000
2026/09/11,KG     ,啟碁期貨,202609  ,0,111,289,163,348,373
2026/09/11,KG     ,啟碁期貨,202609  ,1,42,289,65,340,373
2026/09/11,KG     ,啟碁期貨,999999  ,0,118,333,180,417,466
2026/09/11,KG     ,啟碁期貨,999999  ,1,45,333,68,417,466
2026/09/11,KI     ,台虹期貨,202609  ,0,2390,3436,2648,3589,3727
2026/09/11,KI     ,台虹期貨,202609  ,1,0,3436,0,3546,3727
2026/09/11,KI     ,台虹期貨,999999  ,0,3829,5370,4153,5601,5823
2026/09/11,KI     ,台虹期貨,999999  ,1,0,5370,0,5517,5823
2026/09/11,KK     ,達方期貨,202609  ,0,19,16,20,20,20
2026/09/11,KK     ,達方期貨,202609  ,1,13,16,13,17,20
2026/09/11,KK     ,達方期貨,999999  ,0,26,23,30,30,30
2026/09/11,KK     ,達方期貨,999999  ,1,13,23,13,26,30
2026/09/11,KL     ,寶成期貨,202609  ,0,291,704,421,812,823
2026/09/11,KL     ,寶成期貨,202609  ,1,48,704,69,812,823
2026/09/11,KL     ,寶成期貨,999999  ,0,518,915,703,1227,1284
2026/09/11,KL     ,寶成期貨,999999  ,1,48,915,48,1227,1284
2026/09/11,KO     ,宏全期貨,202609  ,0,57,64,64,72,74
2026/09/11,KO     ,宏全期貨,202609  ,1,3,64,6,70,74
2026/09/11,KO     ,宏全期貨,999999  ,0,155,133,167,170,179
2026/09/11,KO     ,宏全期貨,999999  ,1,0,133,5,170,179
2026/09/11,KP     ,潤泰新期貨,202609  ,0,133,285,201,351,365
2026/09/11,KP     ,潤泰新期貨,202609  ,1,17,285,17,326,365
2026/09/11,KP     ,潤泰新期貨,999999  ,0,713,927,798,1086,1115
2026/09/11,KP     ,潤泰新期貨,999999  ,1,0,927,17,1071,1115
2026/09/11,KS     ,聚陽期貨,202609  ,0,52,84,69,100,104
2026/09/11,KS     ,聚陽期貨,202609  ,1,0,84,0,100,104
2026/09/11,KS     ,聚陽期貨,999999  ,0,52,92,70,109,113
2026/09/11,KS     ,聚陽期貨,999999  ,1,0,92,0,109,113
2026/09/11,KU     ,台玻期貨,202609  ,0,2429,4231,2986,4332,4464
2026/09/11,KU     ,台玻期貨,202609  ,1,2254,4231,2811,4278,4464
2026/09/11,KU     ,台玻期貨,999999  ,0,4924,9449,6632,9580,9774
2026/09/11,KU     ,台玻期貨,999999  ,1,4924,9399,6632,9476,9774
2026/09/11,KW     ,廣宇期貨,202609  ,0,448,648,509,652,652
2026/09/11,KW     ,廣宇期貨,202609  ,1,355,648,380,652,652
2026/09/11,KW     ,廣宇期貨,999999  ,0,570,979,723,990,992
2026/09/11,KW     ,廣宇期貨,999999  ,1,520,979,617,990,992
2026/09/11,LB     ,健鼎期貨,202609  ,0,145,164,176,236,255
2026/09/11,LB     ,健鼎期貨,202609  ,1,92,164,100,236,255
2026/09/11,LB     ,健鼎期貨,999999  ,0,163,206,214,303,330
2026/09/11,LB     ,健鼎期貨,999999  ,1,93,206,108,303,330
2026/09/11,LC     ,台灣大期貨,202609  ,0,999,1194,1233,1266,1316
2026/09/11,LC     ,台灣大期貨,202609  ,1,999,1131,1173,1131,1316
2026/09/11,LC     ,台灣大期貨,999999  ,0,3686,3805,4065,4125,4403
2026/09/11,LC     ,台灣大期貨,999999  ,1,3686,2595,3954,2742,4403
2026/09/11,LE     ,玉晶光期貨,202609  ,0,305,387,404,526,697
2026/09/11,LE     ,玉晶光期貨,202609  ,1,0,299,22,438,697
2026/09/11,LE     ,玉晶光期貨,999999  ,0,355,402,506,571,929
2026/09/11,LE     ,玉晶光期貨,999999  ,1,108,272,130,404,929
2026/09/11,LI     ,台郡期貨,202609  ,0,520,838,601,923,954
2026/09/11,LI     ,台郡期貨,202609  ,1,281,738,281,823,954
2026/09/11,LI     ,台郡期貨,999999  ,0,546,968,651,1100,1181
2026/09/11,LI     ,台郡期貨,999999  ,1,286,778,286,910,1181
2026/09/11,LM     ,美利達期貨,202609  ,0,154,202,191,249,269
2026/09/11,LM     ,美利達期貨,202609  ,1,54,160,59,190,269
2026/09/11,LM     ,美利達期貨,999999  ,0,221,341,346,450,516
2026/09/11,LM     ,美利達期貨,999999  ,1,54,299,54,377,516
2026/09/11,LO     ,合庫金期貨,202609  ,0,262,297,285,297,415
2026/09/11,LO     ,合庫金期貨,202609  ,1,144,226,144,226,415
2026/09/11,LO     ,合庫金期貨,999999  ,0,351,408,402,421,421
2026/09/11,LO     ,合庫金期貨,999999  ,1,227,331,262,339,421
2026/09/11,LQ     ,英業達期貨,202609  ,0,1628,2590,1932,2725,2788
2026/09/11,LQ     ,英業達期貨,202609  ,1,1628,2415,1810,2517,2788
2026/09/11,LQ     ,英業達期貨,999999  ,0,2395,3826,2905,3981,4085
2026/09/11,LQ     ,英業達期貨,999999  ,1,2395,3651,2783,3773,4085
2026/09/11,LR     ,凱基金期貨,202609  ,0,809,917,941,1108,1156
2026/09/11,LR     ,凱基金期貨,202609  ,1,748,917,817,1108,1156
2026/09/11,LR     ,凱基金期貨,999999  ,0,1094,1279,1262,1497,1576
2026/09/11,LR     ,凱基金期貨,999999  ,1,1033,1279,1151,1497,1576
2026/09/11,LT     ,遠傳期貨,202609  ,0,113,91,121,113,125
2026/09/11,LT     ,遠傳期貨,202609  ,1,82,91,87,104,125
2026/09/11,LT     ,遠傳期貨,999999  ,0,128,104,136,128,140
2026/09/11,LT     ,遠傳期貨,999999  ,1,97,104,102,119,140
2026/09/11,LU     ,臻鼎-KY期貨,202609  ,0,848,2529,1133,2859,3085
2026/09/11,LU     ,臻鼎-KY期貨,202609  ,1,79,2529,212,2859,3085
2026/09/11,LU     ,臻鼎-KY期貨,999999  ,0,1293,3644,1763,4340,4921
2026/09/11,LU     ,臻鼎-KY期貨,999999  ,1,415,3644,627,4340,4921
2026/09/11,LV     ,中租-KY期貨,202609  ,0,211,429,315,457,577
2026/09/11,LV     ,中租-KY期貨,202609  ,1,40,429,79,457,577
2026/09/11,LV     ,中租-KY期貨,999999  ,0,401,683,553,769,783
2026/09/11,LV     ,中租-KY期貨,999999  ,1,40,683,40,769,783
2026/09/11,LW     ,儒鴻期貨,202609  ,0,31,43,50,63,70
2026/09/11,LW     ,儒鴻期貨,202609  ,1,6,43,11,63,70
2026/09/11,LW     ,儒鴻期貨,999999  ,0,33,56,56,82,91
2026/09/11,LW     ,儒鴻期貨,999999  ,1,6,56,11,82,91
2026/09/11,LX     ,國巨期貨,202609  ,0,3223,5285,4309,7404,8049
2026/09/11,LX     ,國巨期貨,202609  ,1,820,5285,968,7404,8049
2026/09/11,LX     ,國巨期貨,999999  ,0,4988,8216,6441,11098,11871
2026/09/11,LX     ,國巨期貨,999999  ,1,2827,8216,2827,11098,11871
2026/09/11,LY     ,南電期貨,202609  ,0,472,738,627,1027,1194
2026/09/11,LY     ,南電期貨,202609  ,1,284,738,419,1027,1194
2026/09/11,LY     ,南電期貨,999999  ,0,689,1077,987,1531,1888
2026/09/11,LY     ,南電期貨,999999  ,1,525,1077,571,1531,1888
2026/09/11,M1F    ,臺灣中型100期貨,202609  ,0,370,290,375,338,375
2026/09/11,M1F    ,臺灣中型100期貨,202609  ,1,0,228,0,235,375
2026/09/11,M1F    ,臺灣中型100期貨,999999  ,0,531,423,536,488,539
2026/09/11,M1F    ,臺灣中型100期貨,999999  ,1,0,234,0,234,539
2026/09/11,MB     ,敬鵬期貨,202609  ,0,79,112,101,132,135
2026/09/11,MB     ,敬鵬期貨,202609  ,1,25,112,34,128,135
2026/09/11,MB     ,敬鵬期貨,999999  ,0,79,122,105,142,146
2026/09/11,MB     ,敬鵬期貨,999999  ,1,25,122,34,138,146
2026/09/11,MJ     ,致茂期貨,202609  ,0,92,142,125,176,181
2026/09/11,MJ     ,致茂期貨,202609  ,1,46,142,53,171,181
2026/09/11,MJ     ,致茂期貨,999999  ,0,120,182,171,243,285
2026/09/11,MJ     ,致茂期貨,999999  ,1,71,182,71,231,285
2026/09/11,MK     ,美律期貨,202609  ,0,70,164,108,196,200
2026/09/11,MK     ,美律期貨,202609  ,1,15,81,22,113,200
2026/09/11,MK     ,美律期貨,999999  ,0,81,237,127,292,300
2026/09/11,MK     ,美律期貨,999999  ,1,15,132,15,187,300
2026/09/11,MQ     ,矽格期貨,202609  ,0,223,442,308,616,632
2026/09/11,MQ     ,矽格期貨,202609  ,1,112,442,112,616,632
2026/09/11,MQ     ,矽格期貨,999999  ,0,247,593,376,827,878
2026/09/11,MQ     ,矽格期貨,999999  ,1,112,593,112,827,878
2026/09/11,MV     ,百和期貨,202609  ,0,96,130,127,140,140
2026/09/11,MV     ,百和期貨,202609  ,1,84,123,84,130,140
2026/09/11,MV     ,百和期貨,999999  ,0,120,191,168,205,205
2026/09/11,MV     ,百和期貨,999999  ,1,85,191,85,195,205
2026/09/11,MY     ,精華期貨,202609  ,0,1,1,1,1,1
2026/09/11,MY     ,精華期貨,202609  ,1,1,0,1,0,1
2026/09/11,MY     ,精華期貨,999999  ,0,2,2,2,2,2
2026/09/11,MY     ,精華期貨,999999  ,1,1,1,1,1,2
2026/09/11,NA     ,穩懋期貨,202609  ,0,1180,2316,1601,2689,3034
2026/09/11,NA     ,穩懋期貨,202609  ,1,0,2316,66,2644,3034
2026/09/11,NA     ,穩懋期貨,999999  ,0,2652,3482,3238,4384,5578
2026/09/11,NA     ,穩懋期貨,999999  ,1,0,3482,99,4274,5578
2026/09/11,NB     ,璟德期貨,202609  ,0,17,17,17,17,17
2026/09/11,NB     ,璟德期貨,202609  ,1,3,14,3,14,17
2026/09/11,NB     ,璟德期貨,999999  ,0,18,18,19,19,19
2026/09/11,NB     ,璟德期貨,999999  ,1,3,16,3,16,19
2026/09/11,NC     ,順達期貨,202609  ,0,173,317,217,329,335
2026/09/11,NC     ,順達期貨,202609  ,1,12,313,20,323,335
2026/09/11,NC     ,順達期貨,999999  ,0,176,364,228,380,388
2026/09/11,NC     ,順達期貨,999999  ,1,15,364,15,376,388
2026/09/11,ND     ,威剛期貨,202609  ,0,528,1401,716,1507,1646
2026/09/11,ND     ,威剛期貨,202609  ,1,528,1251,583,1295,1646
2026/09/11,ND     ,威剛期貨,999999  ,0,790,1582,1068,1840,2549
2026/09/11,ND     ,威剛期貨,999999  ,1,705,1380,807,1380,2549
2026/09/11,NE     ,欣銓期貨,202609  ,0,497,604,563,767,846
2026/09/11,NE     ,欣銓期貨,202609  ,1,385,604,385,767,846
2026/09/11,NE     ,欣銓期貨,999999  ,0,497,639,576,835,938
2026/09/11,NE     ,欣銓期貨,999999  ,1,385,639,385,835,938
2026/09/11,NG     ,碩禾期貨,202609  ,0,97,110,118,121,126
2026/09/11,NG     ,碩禾期貨,202609  ,1,44,85,44,92,126
2026/09/11,NG     ,碩禾期貨,999999  ,0,154,182,193,207,219
2026/09/11,NG     ,碩禾期貨,999999  ,1,83,153,110,166,219
2026/09/11,NI     ,晟德期貨,202609  ,0,135,299,193,311,469
2026/09/11,NI     ,晟德期貨,202609  ,1,48,295,58,297,469
2026/09/11,NI     ,晟德期貨,999999  ,0,228,418,322,532,605
2026/09/11,NI     ,晟德期貨,999999  ,1,101,344,121,427,605
2026/09/11,NJ     ,榮剛期貨,202609  ,0,224,233,250,279,284
2026/09/11,NJ     ,榮剛期貨,202609  ,1,35,233,40,279,284
2026/09/11,NJ     ,榮剛期貨,999999  ,0,956,831,998,1009,1059
2026/09/11,NJ     ,榮剛期貨,999999  ,1,35,831,40,1009,1059
2026/09/11,NL     ,世界期貨,202609  ,0,1410,1784,1574,2067,2166
2026/09/11,NL     ,世界期貨,202609  ,1,678,1784,703,2067,2166
2026/09/11,NL     ,世界期貨,999999  ,0,2074,2535,2249,2936,3165
2026/09/11,NL     ,世界期貨,999999  ,1,1342,2535,1369,2936,3165
2026/09/11,NO     ,中美晶期貨,202609  ,0,912,2733,1257,2802,2819
2026/09/11,NO     ,中美晶期貨,202609  ,1,752,2733,802,2798,2819
2026/09/11,NO     ,中美晶期貨,999999  ,0,929,3041,1355,3347,3420
2026/09/11,NO     ,中美晶期貨,999999  ,1,644,3041,807,3332,3420
2026/09/11,NQ     ,新普期貨,202609  ,0,13,17,18,18,18
2026/09/11,NQ     ,新普期貨,202609  ,1,8,17,9,17,18
2026/09/11,NQ     ,新普期貨,999999  ,0,14,18,19,19,19
2026/09/11,NQ     ,新普期貨,999999  ,1,8,18,9,18,19
2026/09/11,NS     ,頎邦期貨,202609  ,0,1651,5893,2638,6727,6816
2026/09/11,NS     ,頎邦期貨,202609  ,1,0,5893,225,6727,6816
2026/09/11,NS     ,頎邦期貨,999999  ,0,2185,6765,3475,8676,9465
2026/09/11,NS     ,頎邦期貨,999999  ,1,0,6765,0,8676,9465
2026/09/11,NU     ,網家期貨,202609  ,0,11,13,14,14,14
2026/09/11,NU     ,網家期貨,202609  ,1,0,7,2,8,14
2026/09/11,NU     ,網家期貨,999999  ,0,21,26,28,29,29
2026/09/11,NU     ,網家期貨,999999  ,1,0,21,1,23,29
2026/09/11,NV     ,元太期貨,202609  ,0,614,1351,747,1426,1449
2026/09/11,NV     ,元太期貨,202609  ,1,438,1351,472,1426,1449
2026/09/11,NV     ,元太期貨,999999  ,0,677,1539,855,1668,1755
2026/09/11,NV     ,元太期貨,999999  ,1,444,1539,478,1668,1755
2026/09/11,NW     ,群聯期貨,202609  ,0,400,700,515,1001,1130
2026/09/11,NW     ,群聯期貨,202609  ,1,227,537,255,838,1130
2026/09/11,NW     ,群聯期貨,999999  ,0,1001,1475,1194,1934,2215
2026/09/11,NW     ,群聯期貨,999999  ,1,474,1312,474,1771,2215
2026/09/11,NY     ,元大台灣50ETF期貨,202609  ,0,11814,11924,13017,14036,16433
2026/09/11,NY     ,元大台灣50ETF期貨,202609  ,1,11814,11924,12387,14036,16433
2026/09/11,NY     ,元大台灣50ETF期貨,999999  ,0,16761,19510,19544,23105,26276
2026/09/11,NY     ,元大台灣50ETF期貨,999999  ,1,16761,19510,19228,23105,26276
2026/09/11,OA     ,富邦上証ETF期貨,202609  ,0,664,647,671,672,672
2026/09/11,OA     ,富邦上証ETF期貨,202609  ,1,640,310,642,319,672
2026/09/11,OA     ,富邦上証ETF期貨,999999  ,0,714,695,731,730,735
2026/09/11,OA     ,富邦上証ETF期貨,999999  ,1,640,310,642,329,735
2026/09/11,OB     ,元大上證50ETF期貨,202609  ,0,8,8,8,8,8
2026/09/11,OB     ,元大上證50ETF期貨,202609  ,1,2,0,2,0,8
2026/09/11,OB     ,元大上證50ETF期貨,999999  ,0,8,8,8,8,8
2026/09/11,OB     ,元大上證50ETF期貨,999999  ,1,2,0,2,0,8
2026/09/11,OD     ,為升期貨,202609  ,0,40,66,53,73,73
2026/09/11,OD     ,為升期貨,202609  ,1,4,33,8,35,73
2026/09/11,OD     ,為升期貨,999999  ,0,106,189,142,198,198
2026/09/11,OD     ,為升期貨,999999  ,1,0,156,6,160,198
2026/09/11,OE     ,彩晶期貨,202609  ,0,2333,4652,3169,4954,5085
2026/09/11,OE     ,彩晶期貨,202609  ,1,1389,4512,1860,4548,5085
2026/09/11,OE     ,彩晶期貨,999999  ,0,3450,8150,5191,8452,8621
2026/09/11,OE     ,彩晶期貨,999999  ,1,2287,8010,3069,8046,8621
2026/09/11,OH     ,胡連期貨,202609  ,0,25,30,36,38,41
2026/09/11,OH     ,胡連期貨,202609  ,1,3,26,3,32,41
2026/09/11,OH     ,胡連期貨,999999  ,0,40,38,55,58,69
2026/09/11,OH     ,胡連期貨,999999  ,1,0,38,3,52,69
2026/09/11,OJ     ,國泰中國A50ETF期貨,202609  ,0,118,137,130,143,143
2026/09/11,OJ     ,國泰中國A50ETF期貨,202609  ,1,6,85,8,85,143
2026/09/11,OJ     ,國泰中國A50ETF期貨,999999  ,0,144,171,161,184,184
2026/09/11,OJ     ,國泰中國A50ETF期貨,999999  ,1,6,91,6,91,184
2026/09/11,OK     ,富邦深100ETF期貨,202609  ,0,495,527,515,533,533
2026/09/11,OK     ,富邦深100ETF期貨,202609  ,1,463,284,463,287,533
2026/09/11,OK     ,富邦深100ETF期貨,999999  ,0,497,544,534,556,557
2026/09/11,OK     ,富邦深100ETF期貨,999999  ,1,463,289,463,295,557
2026/09/11,OL     ,小型大立光期貨,202609  ,0,1651,4111,2261,5807,7593
2026/09/11,OL     ,小型大立光期貨,202609  ,1,1311,4111,1456,5507,7593
2026/09/11,OL     ,小型大立光期貨,999999  ,0,1852,5674,2754,8033,11127
2026/09/11,OL     ,小型大立光期貨,999999  ,1,1228,5674,1653,8033,11127
2026/09/11,OM     ,小型精華期貨,202609  ,0,20,19,20,20,20
2026/09/11,OM     ,小型精華期貨,202609  ,1,15,16,15,16,20
2026/09/11,OM     ,小型精華期貨,999999  ,0,20,19,20,20,20
2026/09/11,OM     ,小型精華期貨,999999  ,1,15,16,15,16,20
2026/09/11,OO     ,群益深証中小ETF期貨,202609  ,0,38,43,43,43,43
2026/09/11,OO     ,群益深証中小ETF期貨,202609  ,1,9,19,9,19,43
2026/09/11,OO     ,群益深証中小ETF期貨,999999  ,0,39,50,50,50,50
2026/09/11,OO     ,群益深証中小ETF期貨,999999  ,1,9,20,9,20,50
2026/09/11,OP     ,智邦期貨,202609  ,0,165,252,225,322,354
2026/09/11,OP     ,智邦期貨,202609  ,1,165,252,189,322,354
2026/09/11,OP     ,智邦期貨,999999  ,0,234,463,328,562,618
2026/09/11,OP     ,智邦期貨,999999  ,1,234,463,282,562,618
2026/09/11,OQ     ,樺漢期貨,202609  ,0,117,165,135,191,196
2026/09/11,OQ     ,樺漢期貨,202609  ,1,94,165,94,191,196
2026/09/11,OQ     ,樺漢期貨,999999  ,0,127,188,148,218,223
2026/09/11,OQ     ,樺漢期貨,999999  ,1,94,188,94,218,223
2026/09/11,OR     ,和大期貨,202609  ,0,127,226,164,234,235
2026/09/11,OR     ,和大期貨,202609  ,1,92,223,99,227,235
2026/09/11,OR     ,和大期貨,999999  ,0,204,433,302,455,459
2026/09/11,OR     ,和大期貨,999999  ,1,75,433,102,446,459
2026/09/11,OS     ,榮成期貨,202609  ,0,312,305,397,433,474
2026/09/11,OS     ,榮成期貨,202609  ,1,0,305,0,411,474
2026/09/11,OS     ,榮成期貨,999999  ,0,466,552,585,695,761
2026/09/11,OS     ,榮成期貨,999999  ,1,0,552,0,673,761
2026/09/11,OT     ,聯亞期貨,202609  ,0,632,659,715,857,1516
2026/09/11,OT     ,聯亞期貨,202609  ,1,528,659,568,857,1516
2026/09/11,OT     ,聯亞期貨,999999  ,0,1582,1461,1757,1870,2170
2026/09/11,OT     ,聯亞期貨,999999  ,1,528,1461,568,1870,2170
2026/09/11,OU     ,同致期貨,202609  ,0,6,6,6,6,6
2026/09/11,OU     ,同致期貨,202609  ,1,0,4,0,4,6
2026/09/11,OU     ,同致期貨,999999  ,0,6,6,6,6,6
2026/09/11,OU     ,同致期貨,999999  ,1,0,4,0,4,6
2026/09/11,OV     ,台燿期貨,202609  ,0,615,1072,828,1472,1758
2026/09/11,OV     ,台燿期貨,202609  ,1,382,1072,382,1472,1758
2026/09/11,OV     ,台燿期貨,999999  ,0,1148,1861,1488,2439,2998
2026/09/11,OV     ,台燿期貨,999999  ,1,546,1861,546,2439,2998
2026/09/11,OW     ,環球晶期貨,202609  ,0,505,1334,740,1596,1719
2026/09/11,OW     ,環球晶期貨,202609  ,1,171,1334,321,1571,1719
2026/09/11,OW     ,環球晶期貨,999999  ,0,623,2054,974,2361,2603
2026/09/11,OW     ,環球晶期貨,999999  ,1,389,2054,640,2310,2603
2026/09/11,OX     ,精測期貨,202609  ,0,37,51,47,54,54
2026/09/11,OX     ,精測期貨,202609  ,1,34,51,41,54,54
2026/09/11,OX     ,精測期貨,999999  ,0,59,67,80,97,107
2026/09/11,OX     ,精測期貨,999999  ,1,53,67,57,97,107
2026/09/11,OY     ,小型精測期貨,202609  ,0,361,924,508,1203,1315
2026/09/11,OY     ,小型精測期貨,202609  ,1,253,924,253,1203,1315
2026/09/11,OY     ,小型精測期貨,999999  ,0,560,1515,779,1835,1976
2026/09/11,OY     ,小型精測期貨,999999  ,1,433,1515,473,1835,1976
2026/09/11,OZ     ,日月光投控期貨,202609  ,0,720,1127,870,1531,1817
2026/09/11,OZ     ,日月光投控期貨,202609  ,1,658,1127,693,1531,1817
2026/09/11,OZ     ,日月光投控期貨,999999  ,0,1291,2308,1639,2806,3325
2026/09/11,OZ     ,日月光投控期貨,999999  ,1,916,2308,1157,2806,3325
2026/09/11,PA     ,原相期貨,202609  ,0,104,174,137,187,187
2026/09/11,PA     ,原相期貨,202609  ,1,69,163,75,175,187
2026/09/11,PA     ,原相期貨,999999  ,0,105,174,138,188,188
2026/09/11,PA     ,原相期貨,999999  ,1,70,163,76,176,188
2026/09/11,PB     ,小型環球晶期貨,202609  ,0,2489,6260,2974,7764,8501
2026/09/11,PB     ,小型環球晶期貨,202609  ,1,2209,4260,2513,5264,8501
2026/09/11,PB     ,小型環球晶期貨,999999  ,0,2896,8886,3524,11324,12533
2026/09/11,PB     ,小型環球晶期貨,999999  ,1,2529,6886,2769,8624,12533
2026/09/11,PC     ,智擎期貨,202609  ,0,7,8,8,8,8
2026/09/11,PC     ,智擎期貨,202609  ,1,5,6,5,6,8
2026/09/11,PC     ,智擎期貨,999999  ,0,19,18,21,21,21
2026/09/11,PC     ,智擎期貨,999999  ,1,5,18,5,19,21
2026/09/11,PD     ,泰博期貨,202609  ,0,4,4,4,4,13
2026/09/11,PD     ,泰博期貨,202609  ,1,2,2,2,2,13
2026/09/11,PD     ,泰博期貨,999999  ,0,11,13,13,13,13
2026/09/11,PD     ,泰博期貨,999999  ,1,4,5,4,5,13
2026/09/11,PE     ,台半期貨,202609  ,0,1413,3476,1768,3536,3554
2026/09/11,PE     ,台半期貨,202609  ,1,1239,3476,1367,3536,3554
2026/09/11,PE     ,台半期貨,999999  ,0,1450,3585,1805,3695,3763
2026/09/11,PE     ,台半期貨,999999  ,1,1276,3585,1404,3652,3763
2026/09/11,PF     ,元大高股息ETF期貨,202609  ,0,198,230,224,248,251
2026/09/11,PF     ,元大高股息ETF期貨,202609  ,1,135,175,140,175,251
2026/09/11,PF     ,元大高股息ETF期貨,999999  ,0,209,291,259,344,380
2026/09/11,PF     ,元大高股息ETF期貨,999999  ,1,135,226,148,235,380
2026/09/11,PG     ,台灣高鐵期貨,202609  ,0,66,73,72,74,74
2026/09/11,PG     ,台灣高鐵期貨,202609  ,1,50,73,51,74,74
2026/09/11,PG     ,台灣高鐵期貨,999999  ,0,69,85,82,86,86
2026/09/11,PG     ,台灣高鐵期貨,999999  ,1,47,85,51,86,86
2026/09/11,PH     ,祥碩期貨,202609  ,0,82,126,102,138,138
2026/09/11,PH     ,祥碩期貨,202609  ,1,44,126,57,134,138
2026/09/11,PH     ,祥碩期貨,999999  ,0,128,233,168,245,245
2026/09/11,PH     ,祥碩期貨,999999  ,1,43,233,77,241,245
2026/09/11,PI     ,力旺期貨,202609  ,0,57,62,65,67,68
2026/09/11,PI     ,力旺期貨,202609  ,1,46,59,50,64,68
2026/09/11,PI     ,力旺期貨,999999  ,0,57,66,69,73,76
2026/09/11,PI     ,力旺期貨,999999  ,1,42,63,50,70,76
2026/09/11,PJ     ,台光電期貨,202609  ,0,112,152,161,213,275
2026/09/11,PJ     ,台光電期貨,202609  ,1,63,152,70,200,275
2026/09/11,PJ     ,台光電期貨,999999  ,0,173,245,238,343,425
2026/09/11,PJ     ,台光電期貨,999999  ,1,154,245,154,343,425
2026/09/11,PK     ,信昌電期貨,202609  ,0,2002,2958,2221,3160,3335
2026/09/11,PK     ,信昌電期貨,202609  ,1,490,2958,490,3114,3335
2026/09/11,PK     ,信昌電期貨,999999  ,0,2102,3505,2363,3775,4035
2026/09/11,PK     ,信昌電期貨,999999  ,1,655,3505,655,3749,4035
2026/09/11,PL     ,合晶期貨,202609  ,0,2695,6742,4016,7553,8085
2026/09/11,PL     ,合晶期貨,202609  ,1,0,6742,0,7553,8085
2026/09/11,PL     ,合晶期貨,999999  ,0,5049,8941,6631,10829,12168
2026/09/11,PL     ,合晶期貨,999999  ,1,936,8941,936,10829,12168
2026/09/11,PM     ,大江期貨,202609  ,0,31,64,43,67,67
2026/09/11,PM     ,大江期貨,202609  ,1,7,64,9,67,67
2026/09/11,PM     ,大江期貨,999999  ,0,34,73,48,86,86
2026/09/11,PM     ,大江期貨,999999  ,1,7,73,9,86,86
2026/09/11,PN     ,小型祥碩期貨,202609  ,0,727,1045,842,1354,1624
2026/09/11,PN     ,小型祥碩期貨,202609  ,1,189,808,189,1057,1624
2026/09/11,PN     ,小型祥碩期貨,999999  ,0,849,1828,1116,2181,2612
2026/09/11,PN     ,小型祥碩期貨,999999  ,1,345,928,409,1221,2612
2026/09/11,PP     ,宣德期貨,202609  ,0,40,41,42,42,42
2026/09/11,PP     ,宣德期貨,202609  ,1,31,40,31,41,42
2026/09/11,PP     ,宣德期貨,999999  ,0,66,70,74,74,74
2026/09/11,PP     ,宣德期貨,999999  ,1,31,70,31,73,74
2026/09/11,PQ     ,金居期貨,202609  ,0,893,3470,1354,3579,3618
2026/09/11,PQ     ,金居期貨,202609  ,1,240,3470,501,3565,3618
2026/09/11,PQ     ,金居期貨,999999  ,0,1436,5388,2165,5513,5569
2026/09/11,PQ     ,金居期貨,999999  ,1,924,5388,1164,5498,5569
2026/09/11,PR     ,宏捷科期貨,202609  ,0,144,296,178,352,365
2026/09/11,PR     ,宏捷科期貨,202609  ,1,98,296,104,352,365
2026/09/11,PR     ,宏捷科期貨,999999  ,0,202,367,253,461,509
2026/09/11,PR     ,宏捷科期貨,999999  ,1,86,367,98,461,509
2026/09/11,PS     ,神達期貨,202609  ,0,1170,771,1207,1061,4452
2026/09/11,PS     ,神達期貨,202609  ,1,1135,771,1151,845,4452
2026/09/11,PS     ,神達期貨,999999  ,0,2977,5029,3777,5543,6115
2026/09/11,PS     ,神達期貨,999999  ,1,2977,5029,3617,5543,6115
2026/09/11,PT     ,雙鴻期貨,202609  ,0,531,866,704,984,1093
2026/09/11,PT     ,雙鴻期貨,202609  ,1,142,866,171,925,1093
2026/09/11,PT     ,雙鴻期貨,999999  ,0,783,1209,1067,1378,1596
2026/09/11,PT     ,雙鴻期貨,999999  ,1,73,1209,142,1319,1596
2026/09/11,PU     ,小型聯發科期貨,202609  ,0,1114,6593,1659,8369,9638
2026/09/11,PU     ,小型聯發科期貨,202609  ,1,954,5733,1167,6833,9638
2026/09/11,PU     ,小型聯發科期貨,999999  ,0,1235,9777,1938,12295,14334
2026/09/11,PU     ,小型聯發科期貨,999999  ,1,955,8917,1078,10759,14334
2026/09/11,PV     ,緯穎期貨,202609  ,0,1170,1059,1396,1268,2932
2026/09/11,PV     ,緯穎期貨,202609  ,1,1170,975,1396,1146,2932
2026/09/11,PV     ,緯穎期貨,999999  ,0,2183,2269,2802,2990,3901
2026/09/11,PV     ,緯穎期貨,999999  ,1,1251,2269,1767,2863,3901
2026/09/11,PW     ,小型緯穎期貨,202609  ,0,6206,5892,6987,7598,19725
2026/09/11,PW     ,小型緯穎期貨,202609  ,1,6206,5299,6546,6528,19725
2026/09/11,PW     ,小型緯穎期貨,999999  ,0,12854,16236,16337,21379,27734
2026/09/11,PW     ,小型緯穎期貨,999999  ,1,4841,16236,8324,21379,27734
2026/09/11,PX     ,鈊象期貨,202609  ,0,92,130,109,136,136
2026/09/11,PX     ,鈊象期貨,202609  ,1,60,130,67,133,136
2026/09/11,PX     ,鈊象期貨,999999  ,0,109,194,140,204,207
2026/09/11,PX     ,鈊象期貨,999999  ,1,73,194,78,202,207
2026/09/11,PY     ,小型鈊象期貨,202609  ,0,606,1693,766,1942,2011
2026/09/11,PY     ,小型鈊象期貨,202609  ,1,494,1294,494,1483,2011
2026/09/11,PY     ,小型鈊象期貨,999999  ,0,631,1995,824,2415,2531
2026/09/11,PY     ,小型鈊象期貨,999999  ,1,510,1595,510,1935,2531
2026/09/11,PZ     ,信驊期貨,202609  ,0,4,4,4,4,4
2026/09/11,PZ     ,信驊期貨,202609  ,1,4,1,4,1,4
2026/09/11,PZ     ,信驊期貨,999999  ,0,6,9,9,9,9
2026/09/11,PZ     ,信驊期貨,999999  ,1,3,6,4,6,9
2026/09/11,QA     ,小型信驊期貨,202609  ,0,170,249,225,336,368
2026/09/11,QA     ,小型信驊期貨,202609  ,1,0,249,15,336,368
2026/09/11,QA     ,小型信驊期貨,999999  ,0,207,407,316,551,626
2026/09/11,QA     ,小型信驊期貨,999999  ,1,0,407,0,551,626
2026/09/11,QB     ,富采期貨,202609  ,0,196,609,295,665,676
2026/09/11,QB     ,富采期貨,202609  ,1,47,609,126,631,676
2026/09/11,QB     ,富采期貨,999999  ,0,229,783,356,868,901
2026/09/11,QB     ,富采期貨,999999  ,1,47,783,119,842,901
2026/09/11,QC     ,裕民期貨,202609  ,0,307,702,418,878,969
2026/09/11,QC     ,裕民期貨,202609  ,1,115,702,115,878,969
2026/09/11,QC     ,裕民期貨,999999  ,0,330,792,453,1006,1136
2026/09/11,QC     ,裕民期貨,999999  ,1,115,792,115,1006,1136
2026/09/11,QD     ,台勝科期貨,202609  ,0,746,1706,980,1750,1789
2026/09/11,QD     ,台勝科期貨,202609  ,1,666,1706,713,1712,1789
2026/09/11,QD     ,台勝科期貨,999999  ,0,795,1803,1056,1903,1973
2026/09/11,QD     ,台勝科期貨,999999  ,1,715,1803,762,1834,1973
2026/09/11,QE     ,小型國巨期貨,202609  ,0,3583,15332,4144,16622,17850
2026/09/11,QE     ,小型國巨期貨,202609  ,1,3383,15332,3483,16222,17850
2026/09/11,QE     ,小型國巨期貨,999999  ,0,3663,20501,4370,22172,23932
2026/09/11,QE     ,小型國巨期貨,999999  ,1,3398,20501,3498,21752,23932
2026/09/11,QF     ,小型台積電期貨,202609  ,0,9593,42882,11966,50174,52101
2026/09/11,QF     ,小型台積電期貨,202609  ,1,6589,35482,7275,41293,52101
2026/09/11,QF     ,小型台積電期貨,999999  ,0,13421,79805,16364,88665,97858
2026/09/11,QF     ,小型台積電期貨,999999  ,1,8419,71385,9863,76744,97858
2026/09/11,QG     ,小型瑞昱期貨,202609  ,0,3622,3263,3763,3966,4307
2026/09/11,QG     ,小型瑞昱期貨,202609  ,1,2562,2783,2600,3288,4307
2026/09/11,QG     ,小型瑞昱期貨,999999  ,0,5844,5316,6113,6426,7100
2026/09/11,QG     ,小型瑞昱期貨,999999  ,1,4838,4796,4903,5527,7100
2026/09/11,QH     ,小型聯詠期貨,202609  ,0,1635,1768,1749,2124,2280
2026/09/11,QH     ,小型聯詠期貨,202609  ,1,1605,525,1605,781,2280
2026/09/11,QH     ,小型聯詠期貨,999999  ,0,1827,2022,1967,2487,2790
2026/09/11,QH     ,小型聯詠期貨,999999  ,1,1777,636,1777,1001,2790
2026/09/11,QI     ,小型穩懋期貨,202609  ,0,2593,6147,3103,6408,6637
2026/09/11,QI     ,小型穩懋期貨,202609  ,1,2593,3963,2828,4152,6637
2026/09/11,QI     ,小型穩懋期貨,999999  ,0,6415,12101,7416,12482,12889
2026/09/11,QI     ,小型穩懋期貨,999999  ,1,6035,9917,6644,10114,12889
2026/09/11,QJ     ,小型玉晶光期貨,202609  ,0,3247,4007,3962,4685,5610
2026/09/11,QJ     ,小型玉晶光期貨,202609  ,1,1238,2742,1580,3142,5610
2026/09/11,QJ     ,小型玉晶光期貨,999999  ,0,4149,4563,5076,5790,7360
2026/09/11,QJ     ,小型玉晶光期貨,999999  ,1,1239,3038,1686,4147,7360
2026/09/11,QK     ,永豐餘期貨,202609  ,0,77,66,79,79,79
2026/09/11,QK     ,永豐餘期貨,202609  ,1,53,66,53,75,79
2026/09/11,QK     ,永豐餘期貨,999999  ,0,98,85,103,103,103
2026/09/11,QK     ,永豐餘期貨,999999  ,1,53,85,54,95,103
2026/09/11,QL     ,精材期貨,202609  ,0,1378,2308,1635,2764,2906
2026/09/11,QL     ,精材期貨,202609  ,1,168,2308,216,2764,2906
2026/09/11,QL     ,精材期貨,999999  ,0,2058,3208,2370,3806,4118
2026/09/11,QL     ,精材期貨,999999  ,1,168,3208,168,3806,4118
2026/09/11,QM     ,小型上銀期貨,202609  ,0,1573,1819,1656,2385,2445
2026/09/11,QM     ,小型上銀期貨,202609  ,1,1527,1559,1527,2125,2445
2026/09/11,QM     ,小型上銀期貨,999999  ,0,2057,2466,2193,3235,3343
2026/09/11,QM     ,小型上銀期貨,999999  ,1,1977,2466,1999,2975,3343
2026/09/11,QN     ,小型群聯期貨,202609  ,0,1492,8191,2326,9476,9964
2026/09/11,QN     ,小型群聯期貨,202609  ,1,574,8191,710,9036,9964
2026/09/11,QN     ,小型群聯期貨,999999  ,0,3905,13422,5220,15878,16882
2026/09/11,QN     ,小型群聯期貨,999999  ,1,0,13422,574,15218,16882
2026/09/11,QO     ,長興期貨,202609  ,0,655,1740,871,1779,1816
2026/09/11,QO     ,長興期貨,202609  ,1,543,1740,635,1759,1816
2026/09/11,QO     ,長興期貨,999999  ,0,784,2177,1046,2271,2315
2026/09/11,QO     ,長興期貨,999999  ,1,543,2177,635,2246,2315
2026/09/11,QP     ,正隆期貨,202609  ,0,89,98,106,118,118
2026/09/11,QP     ,正隆期貨,202609  ,1,46,98,49,116,118
2026/09/11,QP     ,正隆期貨,999999  ,0,121,134,148,167,169
2026/09/11,QP     ,正隆期貨,999999  ,1,46,134,46,163,169
2026/09/11,QQ     ,僑威期貨,202609  ,0,162,253,223,265,265
2026/09/11,QQ     ,僑威期貨,202609  ,1,28,117,47,128,265
2026/09/11,QQ     ,僑威期貨,999999  ,0,162,263,223,276,276
2026/09/11,QQ     ,僑威期貨,999999  ,1,28,118,54,129,276
2026/09/11,QR     ,小型華碩期貨,202609  ,0,2271,3071,2824,3583,3674
2026/09/11,QR     ,小型華碩期貨,202609  ,1,1122,3071,1586,3537,3674
2026/09/11,QR     ,小型華碩期貨,999999  ,0,2271,3382,2824,3966,4142
2026/09/11,QR     ,小型華碩期貨,999999  ,1,1122,3382,1586,3878,4142
2026/09/11,QS     ,小型南電期貨,202609  ,0,2497,5716,2748,7060,7637
2026/09/11,QS     ,小型南電期貨,202609  ,1,2299,5716,2299,6840,7637
2026/09/11,QS     ,小型南電期貨,999999  ,0,2538,6989,2865,8847,9741
2026/09/11,QS     ,小型南電期貨,999999  ,1,2318,6989,2318,8627,9741
2026/09/11,QT     ,超豐期貨,202609  ,0,123,349,183,357,361
2026/09/11,QT     ,超豐期貨,202609  ,1,88,349,113,355,361
2026/09/11,QT     ,超豐期貨,999999  ,0,125,420,186,432,443
2026/09/11,QT     ,超豐期貨,999999  ,1,90,420,126,432,443
2026/09/11,QU     ,南茂期貨,202609  ,0,599,1032,685,1274,1332
2026/09/11,QU     ,南茂期貨,202609  ,1,544,1032,544,1274,1332
2026/09/11,QU     ,南茂期貨,999999  ,0,605,1080,699,1402,1546
2026/09/11,QU     ,南茂期貨,999999  ,1,520,1080,544,1402,1546
2026/09/11,QV     ,光罩期貨,202609  ,0,297,476,418,560,720
2026/09/11,QV     ,光罩期貨,202609  ,1,100,292,117,292,720
2026/09/11,QV     ,光罩期貨,999999  ,0,393,716,558,806,996
2026/09/11,QV     ,光罩期貨,999999  ,1,62,500,138,524,996
2026/09/11,QW     ,威盛期貨,202609  ,0,374,717,515,762,772
2026/09/11,QW     ,威盛期貨,202609  ,1,191,717,290,758,772
2026/09/11,QW     ,威盛期貨,999999  ,0,761,1448,1025,1496,1519
2026/09/11,QW     ,威盛期貨,999999  ,1,360,1448,524,1492,1519
2026/09/11,QX     ,萬海期貨,202609  ,0,2089,3171,2387,3792,3972
2026/09/11,QX     ,萬海期貨,202609  ,1,1814,2925,1814,3546,3972
2026/09/11,QX     ,萬海期貨,999999  ,0,2360,3783,2741,4623,5035
2026/09/11,QX     ,萬海期貨,999999  ,1,1970,3537,1970,4377,5035
2026/09/11,QY     ,高端疫苗期貨,202609  ,0,313,464,393,504,523
2026/09/11,QY     ,高端疫苗期貨,202609  ,1,215,329,215,353,523
2026/09/11,QY     ,高端疫苗期貨,999999  ,0,554,631,673,808,897
2026/09/11,QY     ,高端疫苗期貨,999999  ,1,177,631,215,673,897
2026/09/11,QZ     ,力積電期貨,202609  ,0,2660,5944,3253,7407,8378
2026/09/11,QZ     ,力積電期貨,202609  ,1,1670,5944,1783,7407,8378
2026/09/11,QZ     ,力積電期貨,999999  ,0,4995,8150,5651,10214,12702
2026/09/11,QZ     ,力積電期貨,999999  ,1,1883,8150,1996,10214,12702
2026/09/11,RA     ,奇鋐期貨,202609  ,0,439,452,538,615,755
2026/09/11,RA     ,奇鋐期貨,202609  ,1,355,452,355,615,755
2026/09/11,RA     ,奇鋐期貨,999999  ,0,627,561,803,828,1184
2026/09/11,RA     ,奇鋐期貨,999999  ,1,420,561,420,828,1184
2026/09/11,RB     ,中磊期貨,202609  ,0,219,353,266,419,450
2026/09/11,RB     ,中磊期貨,202609  ,1,0,353,0,419,450
2026/09/11,RB     ,中磊期貨,999999  ,0,229,407,297,572,632
2026/09/11,RB     ,中磊期貨,999999  ,1,0,407,12,572,632
2026/09/11,RC     ,漢翔期貨,202609  ,0,1846,3494,2248,3552,3582
2026/09/11,RC     ,漢翔期貨,202609  ,1,1369,3494,1621,3526,3582
2026/09/11,RC     ,漢翔期貨,999999  ,0,1846,3556,2259,3633,3707
2026/09/11,RC     ,漢翔期貨,999999  ,1,1369,3556,1621,3593,3707
2026/09/11,RD     ,中天期貨,202609  ,0,39,48,47,48,48
2026/09/11,RD     ,中天期貨,202609  ,1,11,44,15,44,48
2026/09/11,RD     ,中天期貨,999999  ,0,50,68,63,71,71
2026/09/11,RD     ,中天期貨,999999  ,1,11,64,13,67,71
2026/09/11,RE     ,新唐期貨,202609  ,0,432,812,575,927,1000
2026/09/11,RE     ,新唐期貨,202609  ,1,393,772,415,822,1000
2026/09/11,RE     ,新唐期貨,999999  ,0,844,1488,1031,1650,1786
2026/09/11,RE     ,新唐期貨,999999  ,1,844,1419,921,1554,1786
2026/09/11,RF     ,小型嘉澤期貨,202609  ,0,831,1990,1027,2144,2248
2026/09/11,RF     ,小型嘉澤期貨,202609  ,1,692,1912,692,2046,2248
2026/09/11,RF     ,小型嘉澤期貨,999999  ,0,915,2119,1173,2508,2782
2026/09/11,RF     ,小型嘉澤期貨,999999  ,1,707,2119,707,2428,2782
2026/09/11,RG     ,小型健策期貨,202609  ,0,1264,1868,1593,2313,2630
2026/09/11,RG     ,小型健策期貨,202609  ,1,772,1868,866,2313,2630
2026/09/11,RG     ,小型健策期貨,999999  ,0,1338,2237,1764,2734,3197
2026/09/11,RG     ,小型健策期貨,999999  ,1,788,2237,970,2734,3197
2026/09/11,RHF    ,美元兌人民幣期貨,202609  ,0,0,0,0,0,0
2026/09/11,RHF    ,美元兌人民幣期貨,202609  ,1,0,0,0,0,0
2026/09/11,RHF    ,美元兌人民幣期貨,999999  ,0,83,83,83,83,83
2026/09/11,RHF    ,美元兌人民幣期貨,999999  ,1,20,0,20,0,83
2026/09/11,RI     ,國泰永續高股息ETF期貨,202609  ,0,262,322,298,325,325
2026/09/11,RI     ,國泰永續高股息ETF期貨,202609  ,1,197,316,197,316,325
2026/09/11,RI     ,國泰永續高股息ETF期貨,999999  ,0,324,545,399,563,574
2026/09/11,RI     ,國泰永續高股息ETF期貨,999999  ,1,187,518,198,525,574
2026/09/11,RJ     ,大亞期貨,202609  ,0,97,137,127,170,180
2026/09/11,RJ     ,大亞期貨,202609  ,1,13,137,21,165,180
2026/09/11,RJ     ,大亞期貨,999999  ,0,135,187,174,241,254
2026/09/11,RJ     ,大亞期貨,999999  ,1,13,187,21,231,254
2026/09/11,RK     ,金像電期貨,202609  ,0,481,693,662,971,1150
2026/09/11,RK     ,金像電期貨,202609  ,1,181,693,272,971,1150
2026/09/11,RK     ,金像電期貨,999999  ,0,503,834,719,1147,1352
2026/09/11,RK     ,金像電期貨,999999  ,1,263,834,354,1147,1352
2026/09/11,RL     ,元晶期貨,202609  ,0,478,761,558,835,856
2026/09/11,RL     ,元晶期貨,202609  ,1,287,615,314,659,856
2026/09/11,RL     ,元晶期貨,999999  ,0,484,794,574,877,906
2026/09/11,RL     ,元晶期貨,999999  ,1,287,615,322,659,906
2026/09/11,RN     ,合一期貨,202609  ,0,85,139,112,142,142
2026/09/11,RN     ,合一期貨,202609  ,1,30,139,30,140,142
2026/09/11,RN     ,合一期貨,999999  ,0,116,206,156,220,220
2026/09/11,RN     ,合一期貨,999999  ,1,34,206,34,216,220
2026/09/11,RO     ,立端期貨,202609  ,0,15,22,20,22,22
2026/09/11,RO     ,立端期貨,202609  ,1,2,22,2,22,22
2026/09/11,RO     ,立端期貨,999999  ,0,17,27,24,27,27
2026/09/11,RO     ,立端期貨,999999  ,1,2,27,2,27,27
2026/09/11,RP     ,寶雅期貨,202609  ,0,38,69,51,76,80
2026/09/11,RP     ,寶雅期貨,202609  ,1,22,36,24,40,80
2026/09/11,RP     ,寶雅期貨,999999  ,0,39,72,53,84,84
2026/09/11,RP     ,寶雅期貨,999999  ,1,23,39,25,48,84
2026/09/11,RR     ,小型寶雅期貨,202609  ,0,509,586,542,589,603
2026/09/11,RR     ,小型寶雅期貨,202609  ,1,496,574,502,574,603
2026/09/11,RR     ,小型寶雅期貨,999999  ,0,510,629,560,637,637
2026/09/11,RR     ,小型寶雅期貨,999999  ,1,497,618,508,619,637
2026/09/11,RS     ,小型力旺期貨,202609  ,0,765,1325,966,1591,1699
2026/09/11,RS     ,小型力旺期貨,202609  ,1,499,1185,499,1382,1699
2026/09/11,RS     ,小型力旺期貨,999999  ,0,981,1848,1327,2398,2572
2026/09/11,RS     ,小型力旺期貨,999999  ,1,547,1674,547,2084,2572
2026/09/11,RTF    ,小型美元兌人民幣期貨,202609  ,0,2,2,2,2,2
2026/09/11,RTF    ,小型美元兌人民幣期貨,202609  ,1,0,0,0,0,2
2026/09/11,RTF    ,小型美元兌人民幣期貨,999999  ,0,221,221,221,221,221
2026/09/11,RTF    ,小型美元兌人民幣期貨,999999  ,1,0,0,0,0,221
2026/09/11,RU     ,世紀鋼期貨,202609  ,0,73,94,100,125,625
2026/09/11,RU     ,世紀鋼期貨,202609  ,1,29,61,37,77,625
2026/09/11,RU     ,世紀鋼期貨,999999  ,0,296,546,371,619,671
2026/09/11,RU     ,世紀鋼期貨,999999  ,1,52,326,79,376,671
2026/09/11,RV     ,小型台達電期貨,202609  ,0,2606,8312,3031,10861,12251
2026/09/11,RV     ,小型台達電期貨,202609  ,1,2376,5812,2553,7521,12251
2026/09/11,RV     ,小型台達電期貨,999999  ,0,2656,12165,3117,15310,17652
2026/09/11,RV     ,小型台達電期貨,999999  ,1,2386,9545,2564,12690,17652
2026/09/11,RW     ,小型創意期貨,202609  ,0,2087,4076,2442,4864,5459
2026/09/11,RW     ,小型創意期貨,202609  ,1,1927,3452,1927,4240,5459
2026/09/11,RW     ,小型創意期貨,999999  ,0,2120,4464,2752,6455,7356
2026/09/11,RW     ,小型創意期貨,999999  ,1,1946,4464,1946,5831,7356
2026/09/11,RX     ,富邦越南ETF期貨,202609  ,0,24,24,24,24,24
2026/09/11,RX     ,富邦越南ETF期貨,202609  ,1,3,1,3,1,24
2026/09/11,RX     ,富邦越南ETF期貨,999999  ,0,28,30,30,30,30
2026/09/11,RX     ,富邦越南ETF期貨,999999  ,1,2,5,3,5,30
2026/09/11,RY     ,群益台ESG低碳50ETF期貨,202609  ,0,171,176,176,176,176
2026/09/11,RY     ,群益台ESG低碳50ETF期貨,202609  ,1,79,176,79,176,176
2026/09/11,RY     ,群益台ESG低碳50ETF期貨,999999  ,0,198,215,210,215,215
2026/09/11,RY     ,群益台ESG低碳50ETF期貨,999999  ,1,79,215,80,215,215
2026/09/11,RZ     ,元大美債20年ETF期貨,202609  ,0,4954,6113,5411,6741,6850
2026/09/11,RZ     ,元大美債20年ETF期貨,202609  ,1,1091,6113,1188,6586,6850
2026/09/11,RZ     ,元大美債20年ETF期貨,999999  ,0,11435,16030,12219,16744,17030
2026/09/11,RZ     ,元大美債20年ETF期貨,999999  ,1,5052,16030,5052,16418,17030
2026/09/11,SA     ,美時期貨,202609  ,0,32,41,39,45,326
2026/09/11,SA     ,美時期貨,202609  ,1,24,35,26,36,326
2026/09/11,SA     ,美時期貨,999999  ,0,153,378,212,396,402
2026/09/11,SA     ,美時期貨,999999  ,1,48,378,60,390,402
2026/09/11,SB     ,華紙期貨,202609  ,0,274,300,314,322,325
2026/09/11,SB     ,華紙期貨,202609  ,1,16,300,38,313,325
2026/09/11,SB     ,華紙期貨,999999  ,0,308,361,367,386,390
2026/09/11,SB     ,華紙期貨,999999  ,1,0,361,38,377,390
2026/09/11,SC     ,小型聚陽期貨,202609  ,0,319,538,389,548,548
2026/09/11,SC     ,小型聚陽期貨,202609  ,1,229,458,229,460,548
2026/09/11,SC     ,小型聚陽期貨,999999  ,0,328,615,423,637,637
2026/09/11,SC     ,小型聚陽期貨,999999  ,1,229,535,229,549,637
2026/09/11,SD     ,中興電期貨,202609  ,0,211,560,292,581,590
2026/09/11,SD     ,中興電期貨,202609  ,1,131,560,197,578,590
2026/09/11,SD     ,中興電期貨,999999  ,0,292,766,392,811,837
2026/09/11,SD     ,中興電期貨,999999  ,1,172,751,231,786,837
2026/09/11,SE     ,小型智邦期貨,202609  ,0,1116,2279,1286,2979,3230
2026/09/11,SE     ,小型智邦期貨,202609  ,1,956,2279,997,2701,3230
2026/09/11,SE     ,小型智邦期貨,999999  ,0,1334,3315,1592,4296,4743
2026/09/11,SE     ,小型智邦期貨,999999  ,1,1065,3315,1163,4076,4743
2026/09/11,SF     ,小型台光電期貨,202609  ,0,1075,2464,1430,3521,4122
2026/09/11,SF     ,小型台光電期貨,202609  ,1,432,2083,629,3140,4122
2026/09/11,SF     ,小型台光電期貨,999999  ,0,1075,2824,1521,4083,5028
2026/09/11,SF     ,小型台光電期貨,999999  ,1,432,2443,629,3702,5028
2026/09/11,SG     ,國泰智能電動車ETF期貨,202609  ,0,0,0,0,0,0
2026/09/11,SG     ,國泰智能電動車ETF期貨,202609  ,1,0,0,0,0,0
2026/09/11,SG     ,國泰智能電動車ETF期貨,999999  ,0,0,0,0,0,0
2026/09/11,SG     ,國泰智能電動車ETF期貨,999999  ,1,0,0,0,0,0
2026/09/11,SHF    ,航運期貨,202609  ,0,22,22,22,22,22
2026/09/11,SHF    ,航運期貨,202609  ,1,0,2,0,2,22
2026/09/11,SHF    ,航運期貨,999999  ,0,23,23,23,23,23
2026/09/11,SHF    ,航運期貨,999999  ,1,1,2,1,2,23
2026/09/11,SI     ,元大美債1-3ETF期貨,202609  ,0,250,258,258,258,258
2026/09/11,SI     ,元大美債1-3ETF期貨,202609  ,1,3,256,5,256,258
2026/09/11,SI     ,元大美債1-3ETF期貨,999999  ,0,257,269,269,270,270
2026/09/11,SI     ,元大美債1-3ETF期貨,999999  ,1,3,267,5,267,270
2026/09/11,SJ     ,神基期貨,202609  ,0,55,177,90,184,186
2026/09/11,SJ     ,神基期貨,202609  ,1,26,177,33,182,186
2026/09/11,SJ     ,神基期貨,999999  ,0,73,193,112,226,232
2026/09/11,SJ     ,神基期貨,999999  ,1,26,193,34,226,232
2026/09/11,SK     ,至上期貨,202609  ,0,388,620,478,797,1129
2026/09/11,SK     ,至上期貨,202609  ,1,134,620,172,797,1129
2026/09/11,SK     ,至上期貨,999999  ,0,494,947,655,1163,1415
2026/09/11,SK     ,至上期貨,999999  ,1,147,947,205,1163,1415
2026/09/11,SL     ,小型技嘉期貨,202609  ,0,1929,2694,2183,2853,2874
2026/09/11,SL     ,小型技嘉期貨,202609  ,1,1721,1024,1881,1164,2874
2026/09/11,SL     ,小型技嘉期貨,999999  ,0,2351,3355,2635,3647,3713
2026/09/11,SL     ,小型技嘉期貨,999999  ,1,2143,1715,2361,1934,3713
2026/09/11,SM     ,群益台灣精選高息ETF期貨,202609  ,0,127,259,172,266,267
2026/09/11,SM     ,群益台灣精選高息ETF期貨,202609  ,1,79,85,79,85,267
2026/09/11,SM     ,群益台灣精選高息ETF期貨,999999  ,0,159,729,260,812,843
2026/09/11,SM     ,群益台灣精選高息ETF期貨,999999  ,1,59,553,80,558,843
2026/09/11,SN     ,復華台灣科技優息ETF期貨,202609  ,0,143,198,166,203,203
2026/09/11,SN     ,復華台灣科技優息ETF期貨,202609  ,1,10,52,10,52,203
2026/09/11,SN     ,復華台灣科技優息ETF期貨,999999  ,0,194,361,247,374,378
2026/09/11,SN     ,復華台灣科技優息ETF期貨,999999  ,1,0,213,24,218,378
2026/09/11,SOF    ,半導體30期貨,202609  ,0,56,69,63,69,69
2026/09/11,SOF    ,半導體30期貨,202609  ,1,42,0,42,0,69
2026/09/11,SOF    ,半導體30期貨,999999  ,0,61,78,72,80,80
2026/09/11,SOF    ,半導體30期貨,999999  ,1,42,0,42,0,80
2026/09/11,SPF    ,美國標普500期貨,202609  ,0,105,109,109,109,109
2026/09/11,SPF    ,美國標普500期貨,202609  ,1,28,107,29,107,109
2026/09/11,SPF    ,美國標普500期貨,999999  ,0,143,160,155,162,162
2026/09/11,SPF    ,美國標普500期貨,999999  ,1,28,112,28,112,162
2026/09/11,SQ     ,中信高評級公司債ETF期貨,202609  ,0,11,11,11,11,11
2026/09/11,SQ     ,中信高評級公司債ETF期貨,202609  ,1,0,11,0,11,11
2026/09/11,SQ     ,中信高評級公司債ETF期貨,999999  ,0,11,11,11,11,11
2026/09/11,SQ     ,中信高評級公司債ETF期貨,999999  ,1,0,11,0,11,11
2026/09/11,SR     ,小型元大台灣50ETF期貨,202609  ,0,2435,9333,2809,9756,11441
2026/09/11,SR     ,小型元大台灣50ETF期貨,202609  ,1,160,6671,160,6992,11441
2026/09/11,SR     ,小型元大台灣50ETF期貨,999999  ,0,2536,14546,3028,15854,18848
2026/09/11,SR     ,小型元大台灣50ETF期貨,999999  ,1,160,10158,160,11121,18848
2026/09/11,SS     ,小型元大高股息ETF期貨,202609  ,0,215,222,238,257,271
2026/09/11,SS     ,小型元大高股息ETF期貨,202609  ,1,84,31,89,39,271
2026/09/11,SS     ,小型元大高股息ETF期貨,999999  ,0,274,295,324,353,401
2026/09/11,SS     ,小型元大高股息ETF期貨,999999  ,1,121,28,143,65,401
2026/09/11,SU     ,元大台灣價值高息ETF期貨,202609  ,0,283,258,286,278,286
2026/09/11,SU     ,元大台灣價值高息ETF期貨,202609  ,1,56,213,56,221,286
2026/09/11,SU     ,元大台灣價值高息ETF期貨,999999  ,0,308,268,328,301,334
2026/09/11,SU     ,元大台灣價值高息ETF期貨,999999  ,1,57,213,69,223,334
2026/09/11,SV     ,小型川湖期貨,202609  ,0,741,751,840,1034,1275
2026/09/11,SV     ,小型川湖期貨,202609  ,1,620,671,620,884,1275
2026/09/11,SV     ,小型川湖期貨,999999  ,0,819,827,922,1128,1483
2026/09/11,SV     ,小型川湖期貨,999999  ,1,673,687,693,918,1483
2026/09/11,SW     ,小型世紀鋼期貨,202609  ,0,213,263,247,271,666
2026/09/11,SW     ,小型世紀鋼期貨,202609  ,1,87,48,87,49,666
2026/09/11,SW     ,小型世紀鋼期貨,999999  ,0,384,686,535,758,776
2026/09/11,SW     ,小型世紀鋼期貨,999999  ,1,284,387,284,428,776
2026/09/11,SXF    ,美國費城半導體期貨,202609  ,0,449,568,504,582,598
2026/09/11,SXF    ,美國費城半導體期貨,202609  ,1,370,88,370,94,598
2026/09/11,SXF    ,美國費城半導體期貨,999999  ,0,462,641,529,662,682
2026/09/11,SXF    ,美國費城半導體期貨,999999  ,1,370,161,370,164,682
2026/09/11,SY     ,家登期貨,202609  ,0,72,97,95,120,132
2026/09/11,SY     ,家登期貨,202609  ,1,41,85,47,103,132
2026/09/11,SY     ,家登期貨,999999  ,0,101,140,137,190,223
2026/09/11,SY     ,家登期貨,999999  ,1,46,140,58,178,223
2026/09/11,SZ     ,小型家登期貨,202609  ,0,707,1190,824,1329,1360
2026/09/11,SZ     ,小型家登期貨,202609  ,1,527,1190,527,1322,1360
2026/09/11,SZ     ,小型家登期貨,999999  ,0,725,1526,930,1717,1820
2026/09/11,SZ     ,小型家登期貨,999999  ,1,487,1526,567,1717,1820
2026/09/11,TE     ,電子期貨(TE+ZEF/8)           ,202609  ,0,205,320,271,384,433
2026/09/11,TE     ,電子期貨(TE+ZEF/8)           ,202609  ,1,85,320,137,372,433
2026/09/11,TE     ,電子期貨(TE+ZEF/8)           ,999999  ,0,205,323,271,387,450
2026/09/11,TE     ,電子期貨(TE+ZEF/8)           ,999999  ,1,85,323,137,375,450
2026/09/11,TF     ,金融期貨(TF+ZFF/4)           ,202609  ,0,185,216,270,264,425
2026/09/11,TF     ,金融期貨(TF+ZFF/4)           ,202609  ,1,55,175,110,196,425
2026/09/11,TF     ,金融期貨(TF+ZFF/4)           ,999999  ,0,185,216,271,265,444
2026/09/11,TF     ,金融期貨(TF+ZFF/4)           ,999999  ,1,55,175,111,196,444
2026/09/11,TGF    ,臺幣黃金期貨,202610  ,0,1613,2411,1876,2415,2415
2026/09/11,TGF    ,臺幣黃金期貨,202610  ,1,0,2150,0,2150,2415
2026/09/11,TGF    ,臺幣黃金期貨,999999  ,0,1760,2652,2023,2658,2658
2026/09/11,TGF    ,臺幣黃金期貨,999999  ,1,0,2385,0,2385,2658
2026/09/11,TJF    ,東證期貨,202610  ,0,112,130,122,130,130
2026/09/11,TJF    ,東證期貨,202610  ,1,0,68,0,68,130
2026/09/11,TJF    ,東證期貨,999999  ,0,116,136,128,139,139
2026/09/11,TJF    ,東證期貨,999999  ,1,0,74,0,74,139
2026/09/11,TX     ,臺股期貨(TX+MTX/4+TMF/20)           ,666666  ,0,1,1,1,1,1
2026/09/11,TX     ,臺股期貨(TX+MTX/4+TMF/20)           ,666666  ,1,0,0,0,0,1
2026/09/11,TX     ,臺股期貨(TX+MTX/4+TMF/20)           ,202609  ,0,60037,44603,66562,63788,96459
2026/09/11,TX     ,臺股期貨(TX+MTX/4+TMF/20)           ,202609  ,1,60037,44603,65035,63788,96459
2026/09/11,TX     ,臺股期貨(TX+MTX/4+TMF/20)           ,999999  ,0,71900,53076,80029,76915,119821
2026/09/11,TX     ,臺股期貨(TX+MTX/4+TMF/20)           ,999999  ,1,71900,53076,76542,76915,119821
2026/09/11,UA     ,士電期貨,202609  ,0,112,235,148,245,245
2026/09/11,UA     ,士電期貨,202609  ,1,79,235,79,244,245
2026/09/11,UA     ,士電期貨,999999  ,0,115,323,161,335,337
2026/09/11,UA     ,士電期貨,999999  ,1,79,323,87,333,337
2026/09/11,UB     ,亞翔期貨,202609  ,0,88,194,137,245,255
2026/09/11,UB     ,亞翔期貨,202609  ,1,14,194,24,245,255
2026/09/11,UB     ,亞翔期貨,999999  ,0,324,451,410,584,632
2026/09/11,UB     ,亞翔期貨,999999  ,1,0,451,14,584,632
2026/09/11,UC     ,廣明期貨,202609  ,0,46,67,57,72,72
2026/09/11,UC     ,廣明期貨,202609  ,1,21,62,24,63,72
2026/09/11,UC     ,廣明期貨,999999  ,0,49,86,67,93,93
2026/09/11,UC     ,廣明期貨,999999  ,1,21,79,21,82,93
2026/09/11,UDF    ,美國道瓊期貨,202609  ,0,221,235,242,251,275
2026/09/11,UDF    ,美國道瓊期貨,202609  ,1,157,211,157,211,275
2026/09/11,UDF    ,美國道瓊期貨,999999  ,0,255,278,289,299,337
2026/09/11,UDF    ,美國道瓊期貨,999999  ,1,170,251,170,251,337
2026/09/11,UE     ,上海商銀期貨,202609  ,0,20,20,20,20,29
2026/09/11,UE     ,上海商銀期貨,202609  ,1,14,16,14,16,29
2026/09/11,UE     ,上海商銀期貨,999999  ,0,36,41,44,44,44
2026/09/11,UE     ,上海商銀期貨,999999  ,1,14,38,20,40,44
2026/09/11,UF     ,台塑化期貨,202609  ,0,1350,1653,1560,1943,2140
2026/09/11,UF     ,台塑化期貨,202609  ,1,321,1653,321,1943,2140
2026/09/11,UF     ,台塑化期貨,999999  ,0,1571,1991,1990,2500,2772
2026/09/11,UF     ,台塑化期貨,999999  ,1,321,1991,321,2500,2772
2026/09/11,UG     ,達發期貨,202609  ,0,2,2,2,2,2
2026/09/11,UG     ,達發期貨,202609  ,1,1,2,1,2,2
2026/09/11,UG     ,達發期貨,999999  ,0,4,4,4,4,4
2026/09/11,UG     ,達發期貨,999999  ,1,1,4,1,4,4
2026/09/11,UH     ,小型奇鋐期貨,202609  ,0,1463,2894,1831,3596,4180
2026/09/11,UH     ,小型奇鋐期貨,202609  ,1,1463,2694,1463,3256,4180
2026/09/11,UH     ,小型奇鋐期貨,999999  ,0,1503,3433,1882,4285,5051
2026/09/11,UH     ,小型奇鋐期貨,999999  ,1,1503,3433,1503,3945,5051
2026/09/11,UI     ,小型達發期貨,202609  ,0,316,399,344,411,411
2026/09/11,UI     ,小型達發期貨,202609  ,1,84,399,84,408,411
2026/09/11,UI     ,小型達發期貨,999999  ,0,336,454,377,468,468
2026/09/11,UI     ,小型達發期貨,999999  ,1,84,454,84,465,468
2026/09/11,UJ     ,群益ESG投等債20+ETF期貨,202609  ,0,388,597,457,597,597
2026/09/11,UJ     ,群益ESG投等債20+ETF期貨,202609  ,1,148,208,161,208,597
2026/09/11,UJ     ,群益ESG投等債20+ETF期貨,999999  ,0,907,2087,1234,2088,2088
2026/09/11,UJ     ,群益ESG投等債20+ETF期貨,999999  ,1,170,1595,170,1595,2088
2026/09/11,UK     ,國泰20年美債ETF期貨,202609  ,0,183,183,183,183,183
2026/09/11,UK     ,國泰20年美債ETF期貨,202609  ,1,0,174,0,174,183
2026/09/11,UK     ,國泰20年美債ETF期貨,999999  ,0,377,373,378,378,378
2026/09/11,UK     ,國泰20年美債ETF期貨,999999  ,1,0,359,1,360,378
2026/09/11,UL     ,小型雙鴻期貨,202609  ,0,1890,3584,2268,4353,4891
2026/09/11,UL     ,小型雙鴻期貨,202609  ,1,1210,3164,1345,3571,4891
2026/09/11,UL     ,小型雙鴻期貨,999999  ,0,2107,4430,2589,5385,6196
2026/09/11,UL     ,小型雙鴻期貨,999999  ,1,1427,4010,1720,4701,6196
2026/09/11,UM     ,世芯-KY期貨,202609  ,0,126,140,161,173,184
2026/09/11,UM     ,世芯-KY期貨,202609  ,1,76,140,85,164,184
2026/09/11,UM     ,世芯-KY期貨,999999  ,0,163,204,208,250,273
2026/09/11,UM     ,世芯-KY期貨,999999  ,1,100,204,123,244,273
2026/09/11,UNF    ,美國那斯達克100期貨,202609  ,0,297,516,388,541,610
2026/09/11,UNF    ,美國那斯達克100期貨,202609  ,1,0,389,0,389,610
2026/09/11,UNF    ,美國那斯達克100期貨,999999  ,0,401,649,534,804,917
2026/09/11,UNF    ,美國那斯達克100期貨,999999  ,1,0,357,32,460,917
2026/09/11,UO     ,小型世芯-KY期貨,202609  ,0,1274,3108,1698,3756,4036
2026/09/11,UO     ,小型世芯-KY期貨,202609  ,1,890,3108,1050,3756,4036
2026/09/11,UO     ,小型世芯-KY期貨,999999  ,0,1582,4338,2144,5496,6079
2026/09/11,UO     ,小型世芯-KY期貨,999999  ,1,890,4338,1106,5496,6079
2026/09/11,UP     ,保瑞期貨,202609  ,0,161,190,176,190,190
2026/09/11,UP     ,保瑞期貨,202609  ,1,4,190,10,190,190
2026/09/11,UP     ,保瑞期貨,999999  ,0,436,470,453,472,472
2026/09/11,UP     ,保瑞期貨,999999  ,1,11,470,17,472,472
2026/09/11,UQ     ,小型保瑞期貨,202609  ,0,128,328,198,404,416
2026/09/11,UQ     ,小型保瑞期貨,202609  ,1,40,328,68,379,416
2026/09/11,UQ     ,小型保瑞期貨,999999  ,0,196,529,283,628,652
2026/09/11,UQ     ,小型保瑞期貨,999999  ,1,40,529,55,608,652
2026/09/11,UR     ,統一FANG+ETF期貨,202609  ,0,1,1,1,1,1
2026/09/11,UR     ,統一FANG+ETF期貨,202609  ,1,0,1,0,1,1
2026/09/11,UR     ,統一FANG+ETF期貨,999999  ,0,4,4,4,4,4
2026/09/11,UR     ,統一FANG+ETF期貨,999999  ,1,0,3,0,3,4
2026/09/11,US     ,小型統一FANG+ETF期貨,202609  ,0,12,12,12,12,12
2026/09/11,US     ,小型統一FANG+ETF期貨,202609  ,1,4,5,4,5,12
2026/09/11,US     ,小型統一FANG+ETF期貨,999999  ,0,16,16,17,17,17
2026/09/11,US     ,小型統一FANG+ETF期貨,999999  ,1,6,10,6,10,17
2026/09/11,UT     ,一詮期貨,202609  ,0,277,634,365,713,735
2026/09/11,UT     ,一詮期貨,202609  ,1,45,634,62,709,735
2026/09/11,UT     ,一詮期貨,999999  ,0,350,732,468,916,979
2026/09/11,UT     ,一詮期貨,999999  ,1,45,732,62,916,979
2026/09/11,UU     ,台灣虎航期貨,202609  ,0,22,21,25,25,25
2026/09/11,UU     ,台灣虎航期貨,202609  ,1,16,19,17,21,25
2026/09/11,UU     ,台灣虎航期貨,999999  ,0,31,26,35,34,35
2026/09/11,UU     ,台灣虎航期貨,999999  ,1,23,26,25,29,35
2026/09/11,UV     ,旺矽期貨,202609  ,0,32,30,37,39,42
2026/09/11,UV     ,旺矽期貨,202609  ,1,32,26,32,34,42
2026/09/11,UV     ,旺矽期貨,999999  ,0,39,35,46,52,58
2026/09/11,UV     ,旺矽期貨,999999  ,1,37,35,38,48,58
2026/09/11,UW     ,小型旺矽期貨,202609  ,0,512,1213,679,1562,1685
2026/09/11,UW     ,小型旺矽期貨,202609  ,1,239,1213,310,1562,1685
2026/09/11,UW     ,小型旺矽期貨,999999  ,0,1758,2130,2062,3067,3520
2026/09/11,UW     ,小型旺矽期貨,999999  ,1,160,2130,239,3067,3520
2026/09/11,UX     ,華泰期貨,202609  ,0,239,341,310,393,404
2026/09/11,UX     ,華泰期貨,202609  ,1,145,341,177,374,404
2026/09/11,UX     ,華泰期貨,999999  ,0,286,458,370,514,526
2026/09/11,UX     ,華泰期貨,999999  ,1,145,458,177,499,526
2026/09/11,UY     ,良維期貨,202609  ,0,105,331,162,336,336
2026/09/11,UY     ,良維期貨,202609  ,1,21,326,34,327,336
2026/09/11,UY     ,良維期貨,999999  ,0,543,1145,680,1151,1152
2026/09/11,UY     ,良維期貨,999999  ,1,160,1131,224,1134,1152
2026/09/11,UZ     ,小型漢唐期貨,202609  ,0,354,1533,521,1805,1828
2026/09/11,UZ     ,小型漢唐期貨,202609  ,1,223,1293,257,1465,1828
2026/09/11,UZ     ,小型漢唐期貨,999999  ,0,386,1829,575,2257,2314
2026/09/11,UZ     ,小型漢唐期貨,999999  ,1,223,1569,257,1897,2314
2026/09/11,VA     ,華榮期貨,202609  ,0,187,167,197,192,203
2026/09/11,VA     ,華榮期貨,202609  ,1,4,167,6,187,203
2026/09/11,VA     ,華榮期貨,999999  ,0,201,177,213,206,220
2026/09/11,VA     ,華榮期貨,999999  ,1,4,177,6,201,220
2026/09/11,VB     ,燿華期貨,202609  ,0,377,708,540,719,726
2026/09/11,VB     ,燿華期貨,202609  ,1,377,697,505,697,726
2026/09/11,VB     ,燿華期貨,999999  ,0,914,1364,1109,1389,1404
2026/09/11,VB     ,燿華期貨,999999  ,1,914,1353,1074,1359,1404
2026/09/11,VC     ,建準期貨,202609  ,0,70,221,109,267,276
2026/09/11,VC     ,建準期貨,202609  ,1,15,221,15,264,276
2026/09/11,VC     ,建準期貨,999999  ,0,72,229,111,285,306
2026/09/11,VC     ,建準期貨,999999  ,1,15,229,15,285,306
2026/09/11,VD     ,小型致茂期貨,202609  ,0,698,1300,885,1588,1681
2026/09/11,VD     ,小型致茂期貨,202609  ,1,497,1300,497,1568,1681
2026/09/11,VD     ,小型致茂期貨,999999  ,0,721,1625,1014,2272,2449
2026/09/11,VD     ,小型致茂期貨,999999  ,1,417,1625,497,2272,2449
2026/09/11,VE     ,貿聯-KY期貨,202609  ,0,257,303,309,362,383
2026/09/11,VE     ,貿聯-KY期貨,202609  ,1,193,303,193,355,383
2026/09/11,VE     ,貿聯-KY期貨,999999  ,0,361,575,479,678,763
2026/09/11,VE     ,貿聯-KY期貨,999999  ,1,142,575,218,678,763
2026/09/11,VF     ,小型貿聯-KY期貨,202609  ,0,1755,2882,1993,3476,3849
2026/09/11,VF     ,小型貿聯-KY期貨,202609  ,1,960,2482,960,2995,3849
2026/09/11,VF     ,小型貿聯-KY期貨,999999  ,0,2226,3171,2655,4535,5287
2026/09/11,VF     ,小型貿聯-KY期貨,999999  ,1,1080,3171,1180,4015,5287
2026/09/11,VG     ,小型金像電期貨,202609  ,0,1212,3340,1556,4181,4455
2026/09/11,VG     ,小型金像電期貨,202609  ,1,832,3340,832,3843,4455
2026/09/11,VG     ,小型金像電期貨,999999  ,0,1212,4161,1562,5223,5781
2026/09/11,VG     ,小型金像電期貨,999999  ,1,832,4161,832,4883,5781
2026/09/11,VH     ,富邦科技ETF期貨,202609  ,0,312,308,316,316,316
2026/09/11,VH     ,富邦科技ETF期貨,202609  ,1,302,308,302,316,316
2026/09/11,VH     ,富邦科技ETF期貨,999999  ,0,318,326,331,340,340
2026/09/11,VH     ,富邦科技ETF期貨,999999  ,1,303,326,305,338,340
2026/09/11,VI     ,研華期貨,202609  ,0,56,111,68,116,116
2026/09/11,VI     ,研華期貨,202609  ,1,24,111,24,116,116
2026/09/11,VI     ,研華期貨,999999  ,0,62,132,78,139,142
2026/09/11,VI     ,研華期貨,999999  ,1,24,132,24,139,142
2026/09/11,VJ     ,小型順達期貨,202609  ,0,180,698,262,782,811
2026/09/11,VJ     ,小型順達期貨,202609  ,1,0,516,0,555,811
2026/09/11,VJ     ,小型順達期貨,999999  ,0,180,732,265,851,929
2026/09/11,VJ     ,小型順達期貨,999999  ,1,0,502,0,581,929
2026/09/11,VK     ,小型亞翔期貨,202609  ,0,544,865,648,1145,1248
2026/09/11,VK     ,小型亞翔期貨,202609  ,1,400,647,422,927,1248
2026/09/11,VK     ,小型亞翔期貨,999999  ,0,546,1042,663,1371,1519
2026/09/11,VK     ,小型亞翔期貨,999999  ,1,400,824,422,1113,1519
2026/09/11,VL     ,智通期貨,202609  ,0,176,174,200,206,1221
2026/09/11,VL     ,智通期貨,202609  ,1,163,100,163,128,1221
2026/09/11,VL     ,智通期貨,999999  ,0,1369,1381,1493,1580,1642
2026/09/11,VL     ,智通期貨,999999  ,1,271,1300,374,1445,1642
2026/09/11,VM     ,華城期貨,202609  ,0,28,33,34,39,39
2026/09/11,VM     ,華城期貨,202609  ,1,8,23,9,27,39
2026/09/11,VM     ,華城期貨,999999  ,0,30,34,36,41,41
2026/09/11,VM     ,華城期貨,999999  ,1,8,24,9,28,41
2026/09/11,VN     ,小型華城期貨,202609  ,0,399,942,493,975,979
2026/09/11,VN     ,小型華城期貨,202609  ,1,93,942,111,962,979
2026/09/11,VN     ,小型華城期貨,999999  ,0,399,980,493,1022,1026
2026/09/11,VN     ,小型華城期貨,999999  ,1,93,980,111,1009,1026
2026/09/11,VO     ,小型京元電子期貨,202609  ,0,1273,2658,1506,2748,2775
2026/09/11,VO     ,小型京元電子期貨,202609  ,1,1153,1438,1197,1522,2775
2026/09/11,VO     ,小型京元電子期貨,999999  ,0,1276,3299,1534,3493,3561
2026/09/11,VO     ,小型京元電子期貨,999999  ,1,1156,1979,1200,2173,3561
2026/09/11,VP     ,小型日月光投控期貨,202609  ,0,1982,4211,2333,4836,4914
2026/09/11,VP     ,小型日月光投控期貨,202609  ,1,1780,4211,1780,4356,4914
2026/09/11,VP     ,小型日月光投控期貨,999999  ,0,1982,4857,2388,6155,6384
2026/09/11,VP     ,小型日月光投控期貨,999999  ,1,1780,4857,1780,5655,6384
2026/09/11,VQ     ,中光電投控期貨,202609  ,0,105,137,135,158,1548
2026/09/11,VQ     ,中光電投控期貨,202609  ,1,72,0,80,3,1548
2026/09/11,VQ     ,中光電投控期貨,999999  ,0,725,1418,906,1527,1581
2026/09/11,VQ     ,中光電投控期貨,999999  ,1,197,1365,229,1412,1581
2026/09/11,XAF    ,澳幣兌美元期貨,202609  ,0,26,26,26,26,26
2026/09/11,XAF    ,澳幣兌美元期貨,202609  ,1,10,0,10,0,26
2026/09/11,XAF    ,澳幣兌美元期貨,999999  ,0,27,27,27,27,27
2026/09/11,XAF    ,澳幣兌美元期貨,999999  ,1,11,0,11,0,27
2026/09/11,XBF    ,英鎊兌美元期貨,202609  ,0,4,4,4,4,4
2026/09/11,XBF    ,英鎊兌美元期貨,202609  ,1,0,4,0,4,4
2026/09/11,XBF    ,英鎊兌美元期貨,999999  ,0,14,14,14,14,14
2026/09/11,XBF    ,英鎊兌美元期貨,999999  ,1,0,13,0,13,14
2026/09/11,XEF    ,歐元兌美元期貨,202609  ,0,34,34,34,34,34
2026/09/11,XEF    ,歐元兌美元期貨,202609  ,1,0,18,0,18,34
2026/09/11,XEF    ,歐元兌美元期貨,999999  ,0,46,46,46,46,46
2026/09/11,XEF    ,歐元兌美元期貨,999999  ,1,12,29,12,29,46
2026/09/11,XIF    ,非金電期貨,202609  ,0,341,357,359,359,359
2026/09/11,XIF    ,非金電期貨,202609  ,1,109,140,119,140,359
2026/09/11,XIF    ,非金電期貨,999999  ,0,420,386,438,437,438
2026/09/11,XIF    ,非金電期貨,999999  ,1,109,158,119,158,438
2026/09/11,XJF    ,美元兌日圓期貨,202609  ,0,164,107,171,152,172
2026/09/11,XJF    ,美元兌日圓期貨,202609  ,1,150,0,150,0,172
2026/09/11,XJF    ,美元兌日圓期貨,999999  ,0,284,219,312,281,345
2026/09/11,XJF    ,美元兌日圓期貨,999999  ,1,192,0,192,0,345

月份類別格式: 666666為所有週到期契約合計，yyyymm為近月契約，999999 為所有契約(含各週到期契約與各到期月份契約)合計。
交易人類別格式： 0 為部位排序前五大或前十大交易人，1 為部位排序前五大或前十大交易人中，屬於特定法人者
-表當日收盤後無週到期期貨契約；"0"表該契約於當日收盤後無未沖銷部位。
