日期,商品名稱,身份別,多方交易口數,多方交易契約金額,空方交易口數,空方交易契約金額,多空交易口數淨額,多空交易契約金額淨額,多方未平倉口數,多方未平倉契約金額,空方未平倉口數,空方未平倉契約金額,多空未平倉口數淨額,多空未平倉契約金額淨額
2026/01/02,臺股期貨,自營商,7971,46660808,8721,51068160,-750,-4407352,4160,24538177,7911,46661279,-3751,-22123102
2026/01/02,臺股期貨,投信,411,2422527,71,418621,340,2003906,32414,191106507,5378,31707612,27036,159398895
2026/01/02,臺股期貨,外資及陸資,43512,254305809,41607,243191853,1905,11113956,23061,135991763,46215,272490720,-23154,-136498957
2026/01/05,臺股期貨,自營商,14288,85968754,15008,90325189,-720,-4356434,4134,25072809,8614,52243162,-4480,-27170353
2026/01/05,臺股期貨,投信,502,3044217,45,272710,457,2771507,32819,198942269,5326,32285147,27493,166657122
2026/01/05,臺股期貨,外資及陸資,73660,441906276,75638,453896818,-1978,-11990543,23747,143995715,48848,296127008,-25101,-152131293
2026/01/06,臺股期貨,自營商,10196,62054443,8097,49261278,2099,12793164,5484,33606398,7915,48519981,-2431,-14913583
2026/01/06,臺股期貨,投信,375,2288797,351,2150481,24,138316,32722,200435407,5205,31882707,27517,168552700
2026/01/06,臺股期貨,外資及陸資,45204,274748577,49583,301457830,-4379,-26709253,21970,134642423,51490,315422118,-29520,-180779695
2026/01/07,臺股期貨,自營商,10549,64474071,10245,62615957,304,1858114,5202,31770876,7283,44496563,-2081,-12725687
2026/01/07,臺股期貨,投信,0,0,536,3272606,-536,-3272606,32218,196632966,5237,31962458,26981,164670508
2026/01/07,臺股期貨,外資及陸資,46379,283425113,46345,283234606,34,190507,22073,134783099,51495,314315216,-29422,-179532117
2026/01/08,臺股期貨,自營商,7802,47603059,9158,55864128,-1356,-8261069,4414,26916146,7791,47505381,-3377,-20589235
2026/01/08,臺股期貨,投信,53,323312,203,1237157,-150,-913845,32068,195345494,5237,31901709,26831,163443785
2026/01/08,臺股期貨,外資及陸資,48574,296220761,45199,275667093,3375,20553668,22422,136645011,48469,295283972,-26047,-158638961
2026/01/09,臺股期貨,自營商,13412,81438194,13220,80291760,192,1146434,4691,28605397,7881,48051508,-3190,-19446111
2026/01/09,臺股期貨,投信,7,42635,285,1735695,-278,-1693061,31828,193851682,5275,32127915,26553,161723767
2026/01/09,臺股期貨,外資及陸資,56933,345984805,57431,349039050,-498,-3054245,22795,138894702,49378,300776313,-26583,-161881611
2026/01/12,臺股期貨,自營商,10183,62462745,9453,57995203,730,4467542,5036,30957380,7493,46071355,-2457,-15113975
2026/01/12,臺股期貨,投信,191,1172801,316,1940244,-125,-767443,31625,194177572,5197,31909580,26428,162267992
2026/01/12,臺股期貨,外資及陸資,47572,291623725,47908,293727902,-336,-2104177,23261,142894192,50153,307979645,-26892,-165085453
2026/01/13,臺股期貨,自營商,13100,80881962,12026,74238859,1074,6643103,5639,34853540,7068,43708822,-1429,-8855282
2026/01/13,臺股期貨,投信,94,580187,206,1269912,-112,-689726,31459,194227938,5143,31752882,26316,162475056
2026/01/13,臺股期貨,外資及陸資,57736,356368291,61073,377065222,-3337,-20696932,23109,142748873,53226,328659641,-30117,-185910768
2026/01/14,臺股期貨,自營商,12341,76557552,11106,68906113,1235,7651439,6766,41967362,6982,43344630,-216,-1377268
2026/01/14,臺股期貨,投信,30,185971,294,1821931,-264,-1635960,31171,193135593,5119,31717324,26052,161418269
2026/01/14,臺股期貨,外資及陸資,48505,300727790,52357,324625325,-3852,-23897535,23313,144532124,57270,354894410,-33957,-210362286
2026/01/15,臺股期貨,自營商,10975,67750935,11318,69885724,-343,-2134789,7373,45834223,7925,49273616,-552,-3439393
2026/01/15,臺股期貨,投信,508,3154123,49,303102,459,2851021,31630,196422796,5119,31788990,26511,164633806
2026/01/15,臺股期貨,外資及陸資,53630,330860105,53870,332365711,-240,-1505605,23635,146828653,58765,364988548,-35130,-218159895
2026/01/16,臺股期貨,自營商,16195,101612754,15733,98753159,462,2859595,6851,43157676,6968,43937463,-117,-779787
2026/01/16,臺股期貨,投信,616,3880969,130,818442,486,3062527,32030,201639642,5033,31683742,26997,169955900
2026/01/16,臺股期貨,外資及陸資,74313,466366244,72424,454468188,1889,11898056,26095,164446420,59344,373689686,-33249,-209243266
2026/01/19,臺股期貨,自營商,13182,83093563,12892,81351854,290,1741709,7522,47687341,7366,46790485,156,896856
2026/01/19,臺股期貨,投信,19505,123611938,19308,122035110,197,1576827,32149,204050106,4955,31453408,27194,172596698
2026/01/19,臺股期貨,外資及陸資,79052,498427775,79529,501701050,-477,-3273275,22781,144601937,56507,358457207,-33726,-213855270
2026/01/20,臺股期貨,自營商,14058,88900540,13718,86825822,340,2074718,7182,45539332,6699,42584949,483,2954383
2026/01/20,臺股期貨,投信,14315,91008089,14543,92201276,-228,-1193187,31920,202899262,4950,31476060,26970,171423202
2026/01/20,臺股期貨,外資及陸資,77565,490688936,76528,484343719,1037,6345217,21969,139618088,54644,347080816,-32675,-207462728
2026/01/21,臺股期貨,自營商,22232,139944633,20844,131215823,1388,8728810,3044,19177491,5969,37589252,-2925,-18411761
2026/01/21,臺股期貨,投信,308,1950297,677,4266257,-369,-2315960,28931,182097500,5041,31729062,23890,150368438
2026/01/21,臺股期貨,外資及陸資,83179,523631534,83202,523827341,-23,-195807,20490,128970735,44963,283023357,-24473,-154052622
2026/01/22,臺股期貨,自營商,11112,70740935,11393,72529393,-281,-1788458,2928,18677739,6154,39235512,-3226,-20557773
2026/01/22,臺股期貨,投信,516,3289552,286,1824177,230,1465376,29232,186283843,5112,32576731,24120,153707112
2026/01/22,臺股期貨,外資及陸資,71403,454172153,71214,452950244,189,1221909,20380,129877017,44673,284706728,-24293,-154829711
2026/01/23,臺股期貨,自營商,8819,56512257,9958,63829442,-1139,-7317185,2634,16961157,6980,44913396,-4346,-27952239
2026/01/23,臺股期貨,投信,746,4796764,103,662057,643,4134707,29799,191661208,5036,32390545,24763,159270663
2026/01/23,臺股期貨,外資及陸資,53066,340096915,51439,329601184,1627,10495731,21267,136788429,43933,282591479,-22666,-145803050
2026/01/26,臺股期貨,自營商,8504,54698248,6722,43242216,1782,11456032,3436,22111901,5991,38540219,-2555,-16428318
2026/01/26,臺股期貨,投信,757,4867770,82,527202,675,4340568,30503,196134290,5065,32567950,25438,163566340
2026/01/26,臺股期貨,外資及陸資,49769,320158857,53630,344947896,-3861,-24789039,17833,114669203,44360,285255696,-26527,-170586493
2026/01/27,臺股期貨,自營商,8223,53223847,8495,54978392,-272,-1754545,3400,22118261,6236,40555560,-2836,-18437299
2026/01/27,臺股期貨,投信,406,2638854,77,500473,329,2138382,30762,199983762,4995,32472495,25767,167511267
2026/01/27,臺股期貨,外資及陸資,48951,316550168,47739,308717758,1212,7832410,19233,125036487,44551,289640638,-25318,-164604151
2026/01/28,臺股期貨,自營商,8807,57670341,8525,55839564,282,1830777,3710,24445037,6287,41414373,-2577,-16969336
2026/01/28,臺股期貨,投信,763,5024977,68,447795,695,4577182,31336,206347560,4874,32095290,26462,174252270
2026/01/28,臺股期貨,外資及陸資,41588,272176539,44202,289235182,-2614,-17058643,18558,122207743,46490,306152370,-27932,-183944627
2026/01/29,臺股期貨,自營商,12369,81264487,10525,69149672,1844,12114815,5413,35496807,6241,40931494,-828,-5434687
2026/01/29,臺股期貨,投信,11,72092,88,576911,-77,-504819,31283,205053808,4898,32105410,26385,172948398
2026/01/29,臺股期貨,外資及陸資,62742,412348555,67512,443820243,-4770,-31471688,17591,115310072,50293,329682362,-32702,-214372290
2026/01/30,臺股期貨,自營商,16304,105364029,15868,102580241,436,2783788,6250,40338122,6646,42895727,-396,-2557605
2026/01/30,臺股期貨,投信,110,709631,928,5989595,-818,-5279964,30605,197414492,5038,32497115,25567,164917377
2026/01/30,臺股期貨,外資及陸資,79742,515683290,79684,515327649,58,355641,17509,112945991,50179,323705906,-32670,-210759915
2026/02/02,臺股期貨,自營商,17302,110010174,16705,106294944,597,3715230,6542,41394779,6331,40056173,211,1338606
2026/02/02,臺股期貨,投信,359,2270260,526,3326859,-167,-1056600,30636,193718656,5236,33108275,25400,160610381
2026/02/02,臺股期貨,外資及陸資,104925,667828911,99850,635515192,5075,32313720,21490,135891213,49163,310899625,-27673,-175008412
2026/02/03,臺股期貨,自營商,10207,65636876,11172,71844882,-965,-6208006,6075,39254187,6843,44206272,-768,-4952085
2026/02/03,臺股期貨,投信,1032,6662449,253,1625634,779,5036815,31227,201627678,5048,32593926,26179,169033752
2026/02/03,臺股期貨,外資及陸資,68492,440249132,67400,433312783,1092,6936349,22831,147424776,49327,318530535,-26496,-171105759
2026/02/04,臺股期貨,自營商,12013,77516793,11445,73872217,568,3644576,7076,45906632,7373,47828373,-297,-1921741
2026/02/04,臺股期貨,投信,403,2611100,141,914355,262,1696745,31460,203962610,5019,32539181,26441,171423429
2026/02/04,臺股期貨,外資及陸資,73487,473598238,72690,468581747,797,5016491,22837,148067426,48536,314706709,-25699,-166639283
2026/02/05,臺股期貨,自營商,13587,87150739,10676,68489859,2911,18660880,8882,56710887,6406,40910101,2476,15800786
2026/02/05,臺股期貨,投信,136,868998,492,3138434,-356,-2269437,31267,199498805,5182,33063233,26085,166435572
2026/02/05,臺股期貨,外資及陸資,86741,556797144,87729,563328808,-988,-6531664,23294,148641344,50037,319319998,-26743,-170678654
2026/02/06,臺股期貨,自營商,16526,104572941,17748,112459504,-1222,-7886563,8489,54019957,7218,45932494,1271,8087463
2026/02/06,臺股期貨,投信,333,2117178,559,3548978,-226,-1431800,31115,197828498,5256,33416597,25859,164411901
2026/02/06,臺股期貨,外資及陸資,106618,675689404,104982,665226117,1636,10463287,22080,140399032,47182,300041857,-25102,-159642825
2026/02/09,臺股期貨,自營商,10837,70477973,12817,83337013,-1980,-12859040,5997,39191276,6654,43494872,-657,-4303596
2026/02/09,臺股期貨,投信,5179,33856625,4190,27366782,989,6489843,31865,208131369,5017,32770290,26848,175361079
2026/02/09,臺股期貨,外資及陸資,72878,473018918,72715,472041203,163,977715,24970,163108997,48555,317181575,-23585,-154072578
2026/02/10,臺股期貨,自營商,15252,100783995,17134,113319054,-1882,-12535060,6590,43954965,9364,62559023,-2774,-18604058
2026/02/10,臺股期貨,投信,19392,128803568,18053,119640848,1339,9162720,32800,219096835,4613,30802343,28187,188294492
2026/02/10,臺股期貨,外資及陸資,96116,634681012,97509,644072054,-1393,-9391042,29343,195796710,54227,362020760,-24884,-166224050
2026/02/11,臺股期貨,自營商,13892,93320501,12856,86389183,1036,6931318,6973,47065169,8844,59818223,-1871,-12753054
2026/02/11,臺股期貨,投信,13543,91640556,12815,86486677,728,5153879,33372,225837768,4457,30163193,28915,195674575
2026/02/11,臺股期貨,外資及陸資,92045,617859647,94814,636755112,-2769,-18895465,29426,198852903,57091,386047536,-27665,-187194633
2026/02/23,臺股期貨,自營商,15343,104647637,14719,100415617,624,4232019,3646,24789283,7091,48209557,-3445,-23420274
2026/02/23,臺股期貨,投信,745,5073694,417,2834838,328,2238856,33726,229141189,4483,30458399,29243,198682790
2026/02/23,臺股期貨,外資及陸資,77230,525561248,82494,561540556,-5264,-35979308,20336,138167388,51188,347790987,-30852,-209623599
2026/02/24,臺股期貨,自營商,9753,67329991,10557,72877912,-804,-5547921,4218,29406642,8458,58959431,-4240,-29552789
2026/02/24,臺股期貨,投信,1025,7139727,89,620364,936,6519363,34649,241413443,4470,31144278,30179,210269165
2026/02/24,臺股期貨,外資及陸資,63394,436267624,61956,426753888,1438,9513735,23438,163302679,52810,367965869,-29372,-204663190
2026/02/25,臺股期貨,自營商,12782,90374180,11998,84858528,784,5515652,4705,33419062,8095,57493616,-3390,-24074554
2026/02/25,臺股期貨,投信,958,6798713,100,709615,858,6089098,35374,251077577,4337,30783159,31037,220294418
2026/02/25,臺股期貨,外資及陸資,67330,475223392,73683,520191236,-6353,-44967843,22000,156155062,57753,409950230,-35753,-253795168
2026/02/26,臺股期貨,自營商,7495,53345121,8001,56946643,-506,-3601522,4481,31938362,8310,59221555,-3829,-27283193
2026/02/26,臺股期貨,投信,309,2201256,98,697808,211,1503448,35582,253422120,4334,30867615,31248,222554505
2026/02/26,臺股期貨,外資及陸資,57709,410603551,58154,413822835,-445,-3219284,21917,156100571,58085,413725603,-36168,-257625032
2026/03/02,臺股期貨,自營商,14171,100037587,12106,85411124,2065,14626463,6178,43562584,7966,56183376,-1788,-12620792
2026/03/02,臺股期貨,投信,404,2848010,207,1458943,197,1389067,35847,252635317,4402,31023535,31445,221611782
2026/03/02,臺股期貨,外資及陸資,85902,606121500,89427,631042453,-3525,-24920954,18093,127517395,59367,418436641,-41274,-290919246
2026/03/03,臺股期貨,自營商,18604,129529112,16774,116683544,1830,12845567,7434,51076935,7374,50682167,60,394768
2026/03/03,臺股期貨,投信,278,1909853,1030,7080800,-752,-5170947,35246,242006085,4553,31261809,30693,210744276
2026/03/03,臺股期貨,外資及陸資,114050,795223006,113127,789096598,923,6126408,19351,132877537,59772,410471235,-40421,-277593698
2026/03/04,臺股期貨,自營商,32058,213635782,27160,180812414,4898,32823368,11130,73199323,6059,39860359,5071,33338964
2026/03/04,臺股期貨,投信,726,4776683,870,5723200,-144,-946517,35473,233206597,4924,32371361,30549,200835236
2026/03/04,臺股期貨,外資及陸資,172476,1149763691,173748,1158737190,-1272,-8973499,19134,125818166,60767,399554348,-41633,-273736182
2026/03/05,臺股期貨,自營商,11679,78726842,13372,90112449,-1693,-11385607,9673,65158992,6273,42261053,3400,22897939
2026/03/05,臺股期貨,投信,1900,12794467,358,2417878,1542,10376589,36769,247573031,4678,31497910,32091,216075121
2026/03/05,臺股期貨,外資及陸資,118598,798157017,118242,795852015,356,2305002,15797,106392015,56931,383389822,-41134,-276997807
2026/03/06,臺股期貨,自營商,12061,80775672,12536,83984944,-475,-3209272,9345,63016877,6425,43329855,2920,19687022
2026/03/06,臺股期貨,投信,413,2784025,138,930849,275,1853176,37044,249698786,4678,31532527,32366,218166259
2026/03/06,臺股期貨,外資及陸資,123851,828183200,121647,813515052,2204,14668148,16819,113397231,55749,375837092,-38930,-262439861
2026/03/09,臺股期貨,自營商,20634,132293856,18585,119274359,2049,13019497,10099,64445800,5096,32521587,5003,31924213
2026/03/09,臺股期貨,投信,1639,10488304,598,3823789,1041,6664515,38564,246053746,5157,32903723,33407,213150023
2026/03/09,臺股期貨,外資及陸資,134512,870548372,136124,881049867,-1612,-10501495,13164,84012806,53626,342186688,-40462,-258173882
2026/03/10,臺股期貨,自營商,11867,77747600,13757,90138154,-1890,-12390554,9261,60619343,6165,40352676,3096,20266667
2026/03/10,臺股期貨,投信,1714,11218805,88,574667,1626,10644138,39856,260793750,4823,31558818,35033,229234932
2026/03/10,臺股期貨,外資及陸資,112116,732129109,110388,721221221,1728,10907888,14595,95535457,51451,336720904,-36856,-241185447
2026/03/11,臺股期貨,自營商,12693,85251414,13709,92025870,-1016,-6774456,8618,58638618,6488,44142860,2130,14495758
2026/03/11,臺股期貨,投信,1547,10532490,9,61220,1538,10471271,41108,279567286,4537,30855230,36571,248712056
2026/03/11,臺股期貨,外資及陸資,97798,653295677,101921,681097070,-4123,-27801393,14944,101669499,55902,380264558,-40958,-278595059
2026/03/12,臺股期貨,自營商,12602,84798614,10277,69133211,2325,15665402,10261,68832055,5728,38420690,4533,30411365
2026/03/12,臺股期貨,投信,147,993815,362,2426200,-215,-1432385,41026,274972662,4670,31300208,36356,243672454
2026/03/12,臺股期貨,外資及陸資,88995,599259411,91039,613132824,-2044,-13873413,12194,81775134,55258,370483457,-43064,-288708323
2026/03/13,臺股期貨,自營商,15640,103828906,14784,98185531,856,5643375,11704,78031194,6295,41962649,5409,36068545
2026/03/13,臺股期貨,投信,1137,7586569,897,5972123,240,1614446,41371,275578856,4775,31805320,36596,243773536
2026/03/13,臺股期貨,外資及陸資,100943,668963926,98290,651560009,2653,17403917,12916,86091731,53263,354924072,-40347,-268832341
2026/03/16,臺股期貨,自營商,18796,125195616,18495,123305258,301,1890359,11360,75647838,5704,38013471,5656,37634367
2026/03/16,臺股期貨,投信,25051,167531016,26307,175439740,-1256,-7908724,40075,267176708,4735,31559112,35340,235617596
2026/03/16,臺股期貨,外資及陸資,130397,867114613,128556,855403022,1841,11711591,13733,91470845,52245,348216248,-38512,-256745403
2026/03/17,臺股期貨,自營商,10697,72200813,13428,90680090,-2731,-18479278,9235,62498756,6279,42544977,2956,19953779
2026/03/17,臺股期貨,投信,19321,131025053,18371,124271038,950,6754015,40880,277289987,4590,31135806,36290,246154181
2026/03/17,臺股期貨,外資及陸資,90806,612656960,88529,597581432,2277,15075528,16754,113451102,52912,358680530,-36158,-245229428
2026/03/18,臺股期貨,自營商,14569,99799723,15214,104301330,-645,-4501607,2703,18691793,5830,40298815,-3127,-21607022
2026/03/18,臺股期貨,投信,1420,9806231,709,4873850,711,4932381,41449,286478908,4448,30742797,37001,255736111
2026/03/18,臺股期貨,外資及陸資,64836,443717544,65710,449670662,-874,-5953117,13055,90231324,47604,329030801,-34549,-238799477
2026/03/19,臺股期貨,自營商,12285,83517966,7964,54081559,4321,29436407,5703,38297019,4525,30385314,1178,7911705
2026/03/19,臺股期貨,投信,70,471306,764,5132335,-694,-4661029,40974,275009293,4667,31323971,36307,243685322
2026/03/19,臺股期貨,外資及陸資,74135,504287711,78004,531029072,-3869,-26741360,9789,65703779,50614,339731922,-40825,-274028143
2026/03/20,臺股期貨,自營商,10462,70143279,12218,81977706,-1756,-11834426,4149,27865863,4735,31796743,-586,-3930880
2026/03/20,臺股期貨,投信,430,2887350,77,516703,353,2370648,41314,277291305,4654,31236717,36660,246054588
2026/03/20,臺股期貨,外資及陸資,98492,658570123,94051,628836183,4441,29733940,10562,70892996,46928,314990158,-36366,-244097162
2026/03/23,臺股期貨,自營商,10096,66010079,9544,62405419,552,3604660,4562,29718817,4616,30070354,-54,-351537
2026/03/23,臺股期貨,投信,1121,7308230,320,2085934,801,5222296,42310,275514258,4849,31575718,37461,243938540
2026/03/23,臺股期貨,外資及陸資,94994,624418141,96252,632782630,-1258,-8364488,8931,58160267,46648,303775271,-37717,-245615004
2026/03/24,臺股期貨,自營商,10142,66836779,10881,71870542,-739,-5033763,3838,25176916,4626,30339110,-788,-5162194
2026/03/24,臺股期貨,投信,450,2954118,130,856649,320,2097470,42735,280179207,4954,32479415,37781,247699792
2026/03/24,臺股期貨,外資及陸資,121234,801692875,117789,779030589,3445,22662286,10873,71289694,44981,294918317,-34108,-223628623
2026/03/25,臺股期貨,自營商,7331,49045950,9098,60964954,-1767,-11919004,2990,20123861,5469,36787186,-2479,-16663325
2026/03/25,臺股期貨,投信,1420,9548653,172,1158549,1248,8390104,43837,294786290,4808,32331877,39029,262454413
2026/03/25,臺股期貨,外資及陸資,81604,544311333,83486,556833397,-1882,-12522064,9961,66988854,45908,308730013,-35947,-241741159
2026/03/26,臺股期貨,自營商,7142,48089664,6450,43492548,692,4597116,3560,23830664,5332,35676536,-1772,-11845872
2026/03/26,臺股期貨,投信,100,668021,645,4307346,-545,-3639325,43360,290000352,4876,32611663,38484,257388689
2026/03/26,臺股期貨,外資及陸資,74567,502633686,75746,510527097,-1179,-7893411,10102,67571803,47167,315482281,-37065,-247910478
2026/03/27,臺股期貨,自營商,7842,51704998,6991,46195740,851,5509258,4263,28268579,5207,34515313,-944,-6246734
2026/03/27,臺股期貨,投信,77,510261,392,2597760,-315,-2087499,43167,285990008,4998,33112750,38169,252877258
2026/03/27,臺股期貨,外資及陸資,71254,470739088,74082,489344627,-2828,-18605539,8029,53202832,47948,317688466,-39919,-264485634
2026/03/30,臺股期貨,自營商,8340,54170110,7182,46693206,1158,7476904,4447,28913355,4247,27603493,200,1309862
2026/03/30,臺股期貨,投信,163,1059924,862,5603262,-699,-4543338,42613,276814048,5143,33408928,37470,243405120
2026/03/30,臺股期貨,外資及陸資,77702,505285607,75037,488129268,2665,17156339,8986,58381730,46268,300579909,-37282,-242198179
2026/03/31,臺股期貨,自營商,10450,67206264,10036,64499689,414,2706575,4699,30066991,4079,26093920,620,3973071
2026/03/31,臺股期貨,投信,432,2761173,247,1578127,185,1183046,42903,274184492,5248,33538918,37655,240645574
2026/03/31,臺股期貨,外資及陸資,86706,559233989,86638,558848718,68,385271,10045,64208755,47259,302055909,-37214,-237847154
2026/04/01,臺股期貨,自營商,7308,48130258,11573,76277882,-4265,-28147624,3315,22176544,6865,45862595,-3550,-23686051
2026/04/01,臺股期貨,投信,1475,9843880,215,1434156,1260,8409724,43996,293796489,5081,33929902,38915,259866587
2026/04/01,臺股期貨,外資及陸資,85126,557489505,80802,529398394,4324,28091111,14923,99663976,46296,309187865,-31373,-209523889
2026/04/02,臺股期貨,自營商,8901,58866292,6242,41356737,2659,17509556,4298,27980050,5033,32740773,-735,-4760723
2026/04/02,臺股期貨,投信,141,920072,1043,6792037,-902,-5871964,43302,281506302,5289,34383789,38013,247122513
2026/04/02,臺股期貨,外資及陸資,86899,577591911,90367,600794551,-3468,-23202640,11742,76346171,46597,302959551,-34855,-226613380
2026/04/07,臺股期貨,自營商,4789,31639924,6275,41470638,-1486,-9830715,3993,26535451,6294,41785169,-2301,-15249718
2026/04/07,臺股期貨,投信,623,4133609,360,2388181,263,1745428,43389,287903371,5113,33926800,38276,253976571
2026/04/07,臺股期貨,外資及陸資,68593,450748643,65088,427859453,3505,22889190,14038,93160629,45388,301201353,-31350,-208040724
2026/04/08,臺股期貨,自營商,10137,69737317,13751,94886784,-3614,-25149467,3522,24706284,9432,66075887,-5910,-41369603
2026/04/08,臺股期貨,投信,2461,17210967,453,3169952,2008,14041015,44663,312783922,4379,30667013,40284,282116909
2026/04/08,臺股期貨,外資及陸資,87926,596854072,89075,604769854,-1149,-7915782,14559,101973856,47037,329439405,-32478,-227465549
2026/04/09,臺股期貨,自營商,7941,55558361,6581,46068997,1360,9489364,3938,27558820,8541,59690798,-4603,-32131978
2026/04/09,臺股期貨,投信,353,2468636,683,4765014,-330,-2296377,44325,309604419,4371,30530561,39954,279073858
2026/04/09,臺股期貨,外資及陸資,61592,431504225,62496,437800729,-904,-6296504,13893,97061372,47292,330372390,-33399,-233311018
2026/04/10,臺股期貨,自營商,6873,48586475,8573,60644965,-1700,-12058489,3556,25353503,9851,70116548,-6295,-44763045
2026/04/10,臺股期貨,投信,1528,10877833,936,6654077,592,4223757,44782,318581850,4236,30134057,40546,288447793
2026/04/10,臺股期貨,外資及陸資,54119,381464634,55123,388593734,-1004,-7129099,13115,93347661,47518,338104718,-34403,-244757057
2026/04/13,臺股期貨,自營商,13325,94757660,13960,99477655,-635,-4719995,3842,27354145,11166,79478184,-7324,-52124039
2026/04/13,臺股期貨,投信,26806,191318803,27619,196178810,-813,-4860007,43999,313002536,4266,30328458,39733,282674078
2026/04/13,臺股期貨,外資及陸資,84575,601382806,86167,613386538,-1592,-12003732,15086,107361580,51082,363369580,-35996,-256008000
2026/04/14,臺股期貨,自營商,12028,87207326,13838,100438096,-1810,-13230769,3340,24434510,12548,91858248,-9208,-67423738
2026/04/14,臺股期貨,投信,22293,162849900,20831,151432160,1462,11417740,45225,331470186,4030,29539094,41195,301931092
2026/04/14,臺股期貨,外資及陸資,73399,530675790,74093,536503194,-694,-5827405,16327,119486355,52991,388053117,-36664,-268566762
2026/04/15,臺股期貨,自營商,13060,96429342,12415,91691091,645,4738251,2975,22024081,10378,76784107,-7403,-54760026
2026/04/15,臺股期貨,投信,1981,14672823,931,6881575,1050,7791248,46195,341704415,3950,29218150,42245,312486265
2026/04/15,臺股期貨,外資及陸資,51954,383184671,53788,396789391,-1834,-13604720,16346,120911393,53129,393014145,-36783,-272102752
2026/04/16,臺股期貨,自營商,8070,60181904,7426,55391017,644,4790887,3499,26367500,10277,77407027,-6778,-51039527
2026/04/16,臺股期貨,投信,763,5733613,383,2882630,380,2850983,46486,350030283,3861,29072558,42625,320957725
2026/04/16,臺股期貨,外資及陸資,46019,342929609,48086,358290069,-2067,-15360459,16924,127438275,56607,426266050,-39683,-298827775
2026/04/17,臺股期貨,自營商,9363,69688397,8066,60034556,1297,9653841,3888,28852790,9356,69404507,-5468,-40551717
2026/04/17,臺股期貨,投信,300,2224646,633,4693176,-333,-2468530,46238,342882513,3946,29261958,42292,313620555
2026/04/17,臺股期貨,外資及陸資,55411,412322471,56878,423240064,-1467,-10917593,18245,135300683,59396,440482591,-41151,-305181908
2026/04/20,臺股期貨,自營商,7924,59467525,6759,50753103,1165,8714422,4020,29964329,8284,61725800,-4264,-31761471
2026/04/20,臺股期貨,投信,421,3142156,611,4557920,-190,-1415764,46043,342928264,3941,29352568,42102,313575696
2026/04/20,臺股期貨,外資及陸資,53905,404996698,54540,409786892,-635,-4790194,18280,136154014,60898,453600927,-42618,-317446913
2026/04/21,臺股期貨,自營商,7433,56222593,8371,63374240,-938,-7151647,3311,25220232,8514,64817676,-5203,-39597444
2026/04/21,臺股期貨,投信,985,7493874,182,1384971,803,6108903,46684,355246566,3779,28756678,42905,326489888
2026/04/21,臺股期貨,外資及陸資,56915,429758319,55580,419635622,1335,10122697,20082,152820546,61377,467085962,-41295,-314265416
2026/04/22,臺股期貨,自營商,7665,58405735,6890,52540106,775,5865629,3404,26046816,7804,59680901,-4400,-33634085
2026/04/22,臺股期貨,投信,711,5432644,1864,14242428,-1153,-8809784,45531,348002539,3779,28883653,41752,319118886
2026/04/22,臺股期貨,外資及陸資,58624,445779444,59884,455348589,-1260,-9569146,19557,149483125,62112,474770497,-42555,-325287372
2026/04/23,臺股期貨,自營商,12047,92039663,10375,79331096,1672,12708567,3543,26859178,6661,50470843,-3118,-23611665
2026/04/23,臺股期貨,投信,130,985437,573,4336124,-443,-3350687,45286,342824077,3977,30106685,41309,312717392
2026/04/23,臺股期貨,外資及陸資,81079,619451639,82557,630573243,-1478,-11121604,18185,137673415,62212,471011504,-44027,-333338089
2026/04/24,臺股期貨,自營商,9951,76983688,11928,92188147,-1977,-15204459,2923,22960328,7885,61890708,-4962,-38930380
2026/04/24,臺股期貨,投信,790,6197005,372,2909677,418,3287329,45735,358763634,4008,31440355,41727,327323279
2026/04/24,臺股期貨,外資及陸資,87607,673785016,84205,647690946,3402,26094070,20056,157336394,60689,476110806,-40633,-318774412
2026/04/27,臺股期貨,自營商,10064,80587325,8990,71975366,1074,8611960,3168,25321474,6960,55610258,-3792,-30288784
2026/04/27,臺股期貨,投信,1577,12594743,659,5288287,918,7306455,47132,376311314,4487,35825105,42645,340486209
2026/04/27,臺股期貨,外資及陸資,75634,603565106,79237,632297555,-3603,-28732448,18523,147899093,62746,501015734,-44223,-353116641
2026/04/28,臺股期貨,自營商,6773,54081759,5702,45589024,1071,8492735,4294,34162828,7002,55687731,-2708,-21524903
2026/04/28,臺股期貨,投信,221,1756799,293,2328495,-72,-571697,47093,374229234,4520,35918632,42573,338310602
2026/04/28,臺股期貨,外資及陸資,60657,483921666,62255,496608528,-1598,-12686862,17922,142436089,63791,506980388,-45869,-364544299
2026/04/29,臺股期貨,自營商,7450,58786017,5933,46830684,1517,11955333,4732,37416183,6049,47801109,-1317,-10384926
2026/04/29,臺股期貨,投信,182,1437017,560,4426352,-378,-2989335,46801,369531336,4606,36368055,42195,333163281
2026/04/29,臺股期貨,外資及陸資,63721,502640432,63787,503150453,-66,-510021,18063,142647412,65137,514382573,-47074,-371735161
2026/04/30,臺股期貨,自營商,5551,43883684,5850,46269952,-299,-2386268,4708,37094282,6247,49192453,-1539,-12098171
2026/04/30,臺股期貨,投信,378,2975040,256,2014710,122,960330,46884,368902066,4567,35934983,42317,332967083
2026/04/30,臺股期貨,外資及陸資,70159,554377821,67153,530626691,3006,23751130,19569,154006546,63613,500605400,-44044,-346598854
2026/05/04,臺股期貨,自營商,8414,68188696,9257,74917280,-843,-6728584,4399,36162270,6363,52281201,-1964,-16118931
2026/05/04,臺股期貨,投信,1909,15663623,120,973835,1789,14689787,48625,399269600,4519,37106413,44106,362163187
2026/05/04,臺股期貨,外資及陸資,63806,513516622,64682,520869088,-876,-7352466,21596,177366400,65100,534619107,-43504,-357252707
2026/05/05,臺股期貨,自營商,5958,48737234,4825,39507480,1133,9229754,4812,39540120,5660,46491629,-848,-6951509
2026/05/05,臺股期貨,投信,416,3412701,313,2565115,103,847586,48828,400721630,4619,37907209,44209,362814421
2026/05/05,臺股期貨,外資及陸資,55251,451879891,59358,485421356,-4107,-33541466,20156,165459518,68843,565063270,-48687,-399603752
2026/05/06,臺股期貨,自營商,8756,72643640,9096,75494228,-340,-2850588,4524,37615452,5761,47883222,-1237,-10267770
2026/05/06,臺股期貨,投信,1178,9779644,289,2389981,889,7389663,49865,414019122,4767,39579448,45098,374439674
2026/05/06,臺股期貨,外資及陸資,70092,580688000,72372,599619962,-2280,-18931961,19078,158453996,70045,581664421,-50967,-423210425
2026/05/07,臺股期貨,自營商,6583,55513355,6389,53902733,194,1610622,4645,39406764,5679,48171273,-1034,-8764509
2026/05/07,臺股期貨,投信,1433,12142506,354,2999114,1079,9143392,50998,431973459,4821,40835798,46177,391137661
2026/05/07,臺股期貨,外資及陸資,64604,543572221,64767,544909031,-163,-1336810,20333,172289443,71465,605447363,-51132,-433157920
2026/05/08,臺股期貨,自營商,8444,70954827,7801,65535257,643,5419571,5377,45168528,5877,49371076,-500,-4202548
2026/05/08,臺股期貨,投信,549,4604985,419,3513197,130,1091788,51381,430891342,5074,42551579,46307,388339763
2026/05/08,臺股期貨,外資及陸資,64846,545320391,67163,564852723,-2317,-19532332,20593,172765288,75123,630134978,-54530,-457369690
2026/05/11,臺股期貨,自營商,5438,45743609,4896,41183583,542,4560027,5626,47313585,5600,47082984,26,230601
2026/05/11,臺股期貨,投信,520,4367448,218,1830719,302,2536729,51653,433565173,5044,42338327,46609,391226846
2026/05/11,臺股期貨,外資及陸資,46985,394945204,46705,392650145,280,2295059,21382,179535628,75607,634767716,-54225,-455232088
2026/05/12,臺股期貨,自營商,8548,71856076,8865,74510034,-317,-2653958,4948,41369630,5332,44553515,-384,-3183885
2026/05/12,臺股期貨,投信,80,673186,1824,15311936,-1744,-14638750,49961,416716905,5096,42504717,44865,374212188
2026/05/12,臺股期貨,外資及陸資,62966,529168915,61813,519482954,1153,9685962,22285,185940069,75357,628699206,-53072,-442759137
2026/05/13,臺股期貨,自營商,11927,98579030,11091,91737878,836,6841152,6129,50920767,5746,47710547,383,3210220
2026/05/13,臺股期貨,投信,123,1020871,401,3325518,-278,-2304647,49734,412278806,5147,42666571,44587,369612235
2026/05/13,臺股期貨,外資及陸資,78302,646718755,78007,644213294,295,2505461,22098,183257165,74858,620729829,-52760,-437472664
2026/05/14,臺股期貨,自營商,9670,80740615,9346,78027359,324,2713256,6419,53564946,5797,48345585,622,5219361
2026/05/14,臺股期貨,投信,1326,11094542,2797,23335302,-1471,-12240760,48561,404406643,5445,45341604,43116,359065039
2026/05/14,臺股期貨,外資及陸資,67513,562780979,65840,548898769,1673,13882210,22401,186607095,73469,612000443,-51068,-425393348
2026/05/15,臺股期貨,自營商,12290,102739650,12411,103790871,-121,-1051221,6648,54710657,5914,48610832,734,6099825
2026/05/15,臺股期貨,投信,4896,40741377,6274,51942482,-1378,-11201104,47469,389429127,5731,46991908,41738,342437219
2026/05/15,臺股期貨,外資及陸資,87746,733441244,87588,732432673,158,1008571,20970,172118736,71933,590386950,-50963,-418268214
2026/05/18,臺股期貨,自營商,11797,96118100,10988,89628294,809,6489806,7090,58052122,5540,45343642,1550,12708480
2026/05/18,臺股期貨,投信,21806,178644039,23821,194304505,-2015,-15660466,45517,372292956,5794,47287283,39723,325005673
2026/05/18,臺股期貨,外資及陸資,120641,982858301,114645,934601574,5996,48256728,21791,178152482,66787,546286535,-44996,-368134053
2026/05/19,臺股期貨,自營商,13756,112006684,12858,104678682,898,7328002,7824,63215213,5212,42114315,2612,21100898
2026/05/19,臺股期貨,投信,21730,176102534,22811,184378778,-1081,-8276244,44542,359886636,5900,47639720,38642,312246916
2026/05/19,臺股期貨,外資及陸資,107942,878849662,108319,882523148,-377,-3673486,21448,173101705,66824,539668003,-45376,-366566298
2026/05/20,臺股期貨,自營商,14693,118019292,14120,113482405,573,4536887,6772,54396892,4324,34767181,2448,19629711
2026/05/20,臺股期貨,投信,1575,12639800,1234,9923049,341,2716751,44928,360538214,5945,47707436,38983,312830778
2026/05/20,臺股期貨,外資及陸資,78660,632068411,79463,638454277,-803,-6385866,18699,150056076,61443,493103122,-42744,-343047046
2026/05/21,臺股期貨,自營商,5521,45489026,6728,55367078,-1207,-9878052,5861,48693493,4606,38289923,1255,10403570
2026/05/21,臺股期貨,投信,2212,18371805,468,3887344,1744,14484461,46431,385405159,5718,47462831,40713,337942328
2026/05/21,臺股期貨,外資及陸資,52852,434463553,54577,449007629,-1725,-14544076,17834,148033147,62288,517045783,-44454,-369012636
2026/05/22,臺股期貨,自營商,7809,65423778,8158,68471217,-349,-3047439,5609,47673964,4680,39796544,929,7877420
2026/05/22,臺股期貨,投信,1408,11958581,74,625599,1334,11332982,47640,404511240,5593,47490163,42047,357021077
2026/05/22,臺股期貨,外資及陸資,63776,533043599,65835,550237973,-2059,-17194374,16747,142199476,63230,536911646,-46483,-394712170
2026/05/25,臺股期貨,自營商,7287,63265355,6488,56373085,799,6892270,6816,59854427,5088,44704823,1728,15149604
2026/05/25,臺股期貨,投信,1227,10760998,256,2244240,971,8516758,48466,425240684,5448,47800752,43018,377439932
2026/05/25,臺股期貨,外資及陸資,50077,432975709,55015,475944197,-4938,-42968489,16232,142420194,67690,593936349,-51458,-451516155
2026/05/26,臺股期貨,自營商,5816,51111226,5563,48875469,253,2235757,7482,65691097,5489,48221111,1993,17469986
2026/05/26,臺股期貨,投信,466,4086302,148,1296744,318,2789558,48784,427972275,5448,47794214,43336,380178061
2026/05/26,臺股期貨,外資及陸資,42871,376915562,45745,402170266,-2874,-25254704,15813,138725005,70204,615914522,-54391,-477189517
2026/05/27,臺股期貨,自營商,8693,77589063,9070,81082613,-377,-3493550,6929,62131091,5268,47262502,1661,14868589
2026/05/27,臺股期貨,投信,2004,17932366,67,600107,1937,17332259,50621,453503415,5348,47911662,45273,405591753
2026/05/27,臺股期貨,外資及陸資,65947,588669397,67896,605976532,-1949,-17307135,15979,143153197,72281,647583690,-56302,-504430493
2026/05/28,臺股期貨,自營商,10254,91308112,7730,68986113,2524,22321999,8355,73312811,4471,39275105,3884,34037706
2026/05/28,臺股期貨,投信,420,3677467,926,8120866,-506,-4443399,50140,439617492,5373,47109389,44767,392508103
2026/05/28,臺股期貨,外資及陸資,97173,867914680,97718,873296653,-545,-5381973,16585,145414472,74781,655704587,-58196,-510290115
2026/05/29,臺股期貨,自營商,5973,53756130,7784,69880982,-1811,-16124852,6682,60614363,4608,41831653,2074,18782710
2026/05/29,臺股期貨,投信,2230,20205044,71,642353,2159,19562690,52228,473342364,5302,48052026,46926,425290338
2026/05/29,臺股期貨,外資及陸資,67169,601685342,70680,633283794,-3511,-31598452,15766,142887696,76416,692587925,-60650,-549700229
2026/06/01,臺股期貨,自營商,7196,65908847,6817,62487825,379,3421022,7217,66526464,4761,43926867,2456,22599597
2026/06/01,臺股期貨,投信,1663,15325116,170,1567829,1493,13757287,53713,494600047,5294,48748211,48419,445851836
2026/06/01,臺股期貨,外資及陸資,67306,614601442,71284,651010799,-3978,-36409356,16134,148565866,80807,744129772,-64673,-595563906
2026/06/02,臺股期貨,自營商,7546,69314961,7439,68414885,107,900076,7664,70749158,5100,47123735,2564,23625423
2026/06/02,臺股期貨,投信,1408,12981051,62,569613,1346,12411438,55075,507824545,5310,48961386,49765,458863159
2026/06/02,臺股期貨,外資及陸資,72749,669381423,75092,690930652,-2343,-21549229,15432,142293027,82450,760288172,-67018,-617995145
2026/06/03,臺股期貨,自營商,6391,59718624,6420,59993729,-29,-275105,6981,65510088,4507,42336826,2474,23173262
2026/06/03,臺股期貨,投信,1630,15277478,91,852449,1539,14425029,56541,529868336,5237,49078022,51304,480790314
2026/06/03,臺股期貨,外資及陸資,52717,491986093,52540,490327675,177,1658418,15473,145006636,82245,770823207,-66772,-625816571
2026/06/04,臺股期貨,自營商,7876,73165388,7137,66294074,739,6871314,8233,76353813,5014,46559194,3219,29794619
2026/06/04,臺股期貨,投信,920,8528809,366,3391202,554,5137607,57154,529360359,5296,49051552,51858,480308807
2026/06/04,臺股期貨,外資及陸資,56385,524491688,59089,549706207,-2704,-25214519,15138,140212465,84614,783784750,-69476,-643572285
2026/06/05,臺股期貨,自營商,11223,101997410,9722,88419368,1501,13578042,9340,84592783,4533,41137250,4807,43455533
2026/06/05,臺股期貨,投信,580,5254587,278,2518148,302,2736439,57526,520334193,5366,48536543,52160,471797650
2026/06/05,臺股期貨,外資及陸資,94404,860482411,93388,851319592,1016,9162819,12857,116302993,82003,741862012,-69146,-625559019
2026/06/08,臺股期貨,自營商,13215,114680970,12619,109230550,596,5450420,9637,83142240,4191,36228407,5446,46913833
2026/06/08,臺股期貨,投信,2611,22525790,897,7737534,1714,14788256,59541,513040994,5667,48830272,53874,464210722
2026/06/08,臺股期貨,外資及陸資,121288,1057735361,117764,1026847511,3524,30887851,11990,103321967,77491,667820783,-65501,-564498816
2026/06/09,臺股期貨,自營商,5988,52891379,7276,64284715,-1288,-11393336,8335,74574655,4258,38145962,4077,36428693
2026/06/09,臺股期貨,投信,2415,21553933,1036,9211485,1379,12342448,60730,542665311,5477,48939186,55253,493726125
2026/06/09,臺股期貨,外資及陸資,86981,767160971,84593,746194035,2388,20966936,9344,83501729,71215,636459151,-61871,-552957422
2026/06/10,臺股期貨,自營商,12786,112147051,11735,102893883,1051,9253169,8420,73141041,3567,31043235,4853,42097806
2026/06/10,臺股期貨,投信,2478,21685068,3545,30891906,-1067,-9206837,59889,519473786,5703,49464400,54186,470009386
2026/06/10,臺股期貨,外資及陸資,121660,1067037765,121741,1068292182,-81,-1254417,9129,79188873,71078,616630428,-61949,-537441555
2026/06/11,臺股期貨,自營商,12484,107353729,13190,113526187,-706,-6172458,8380,72540972,4225,36624401,4155,35916571
2026/06/11,臺股期貨,投信,4977,42847643,3851,33080415,1126,9767228,61092,528175333,5780,49961164,55312,478214169
2026/06/11,臺股期貨,外資及陸資,131010,1128010289,132192,1138328574,-1182,-10318285,8969,77542654,72137,623778711,-63168,-546236057
2026/06/12,臺股期貨,自營商,9191,81108279,9655,85309327,-464,-4201048,8116,71885532,4548,40341302,3568,31544230
2026/06/12,臺股期貨,投信,7574,67205224,5775,51177755,1799,16027469,62719,554979142,5608,49593787,57111,505385355
2026/06/12,臺股期貨,外資及陸資,107098,942877386,108998,959865353,-1900,-16987968,9318,82465135,74357,658082331,-65039,-575617196
2026/06/15,臺股期貨,自營商,9924,90158622,10872,98862773,-948,-8704151,8351,76308134,5733,52533648,2618,23774486
2026/06/15,臺股期貨,投信,29633,271222783,29042,264918411,591,6304372,63010,576552736,5308,48425444,57702,528127292
2026/06/15,臺股期貨,外資及陸資,116193,1050669368,119107,1078046806,-2914,-27377438,12920,118072928,79654,728728457,-66734,-610655529
2026/06/16,臺股期貨,自營商,10739,98568214,11303,103693713,-564,-5125499,7794,71494678,5575,51185998,2219,20308680
2026/06/16,臺股期貨,投信,22087,202656405,22895,209706038,-808,-7049633,62169,569947048,5275,48343375,56894,521603673
2026/06/16,臺股期貨,外資及陸資,82664,758125629,85809,787434876,-3145,-29309247,11803,108137171,81650,748469715,-69847,-640332544
2026/06/17,臺股期貨,自營商,12912,117570227,11054,100735770,1858,16834456,4121,38027191,4049,37364091,72,663100
2026/06/17,臺股期貨,投信,1911,17421574,1722,15705497,189,1716077,62358,573830788,5275,48541605,57083,525289183
2026/06/17,臺股期貨,外資及陸資,61433,559611592,62162,566362774,-729,-6751182,9996,91990366,77390,712242277,-67394,-620251911
2026/06/18,臺股期貨,自營商,5782,53658901,5728,53248379,54,410522,4252,39855646,4189,39276059,63,579587
2026/06/18,臺股期貨,投信,1880,17543845,366,3415539,1514,14128307,63555,594264672,4958,46359283,58597,547905389
2026/06/18,臺股期貨,外資及陸資,63627,590169033,63404,588143609,223,2025425,10085,94303824,78422,733360226,-68337,-639056402
2026/06/22,臺股期貨,自營商,5996,57515373,6623,63421173,-627,-5905800,3687,35808791,4250,41267548,-563,-5458757
2026/06/22,臺股期貨,投信,2600,25158675,1,9638,2599,25149037,66059,639821050,4863,47101073,61196,592719977
2026/06/22,臺股期貨,外資及陸資,53439,509398974,55445,528756792,-2006,-19357818,11004,106585296,81294,787462391,-70290,-680877095
2026/06/23,臺股期貨,自營商,7638,73618180,6155,59312661,1483,14305518,5232,49772611,4302,40937838,930,8834773
2026/06/23,臺股期貨,投信,209,1983842,1225,11626790,-1016,-9642948,65128,617895387,4948,46943655,60180,570951732
2026/06/23,臺股期貨,外資及陸資,66487,642791401,72623,702158656,-6136,-59367255,10506,99682210,87008,825614957,-76502,-725932747
2026/06/24,臺股期貨,自營商,13158,122165226,10703,99395374,2455,22769852,7647,71116316,4370,40678851,3277,30437465
2026/06/24,臺股期貨,投信,1469,13630490,892,8287776,577,5342714,66066,613184972,5309,49292113,60757,563892859
2026/06/24,臺股期貨,外資及陸資,96344,894829587,101221,940127312,-4877,-45297725,7263,67424621,90868,843522910,-83605,-776098289
2026/06/25,臺股期貨,自營商,6748,62443728,7071,65574385,-323,-3130657,7349,68537548,4346,40569944,3003,27967604
2026/06/25,臺股期貨,投信,1022,9512209,858,7986941,164,1525268,66672,620409629,5751,53540455,60921,566869174
2026/06/25,臺股期貨,外資及陸資,91800,846589931,89291,824028244,2509,22561688,6034,56161256,87085,810506206,-81051,-754344950
2026/06/26,臺股期貨,自營商,15027,136283545,13550,122387925,1477,13895621,8088,72050266,3447,30770388,4641,41279878
2026/06/26,臺股期貨,投信,901,8027170,575,5127899,326,2899272,67223,597639359,5976,53150730,61247,544488629
2026/06/26,臺股期貨,外資及陸資,119155,1084550645,114455,1042721443,4700,41829202,7493,66628987,83884,745913523,-76391,-679284536
2026/06/29,臺股期貨,自營商,5912,53249279,8030,72437802,-2118,-19188522,6536,59705176,4121,37672507,2415,22032669
2026/06/29,臺股期貨,投信,1906,17328330,191,1737286,1715,15591043,69122,629784366,6160,56154879,62962,573629487
2026/06/29,臺股期貨,外資及陸資,83462,750635169,83763,753626780,-301,-2991610,7494,68293119,84121,766601512,-76627,-698308393
2026/06/30,臺股期貨,自營商,6002,55581898,6839,63452768,-837,-7870870,6022,56480522,4451,41756896,1571,14723626
2026/06/30,臺股期貨,投信,3734,34892047,73,680793,3661,34211255,72749,680625094,6126,57340847,66623,623284247
2026/06/30,臺股期貨,外資及陸資,67659,624664692,74113,684651624,-6454,-59986932,5391,50450286,88454,827697657,-83063,-777247371
2026/07/01,臺股期貨,自營商,6418,60587881,6351,59934030,67,653852,6129,58029771,4537,42959343,1592,15070428
2026/07/01,臺股期貨,投信,1119,10599548,548,5181909,571,5417639,73084,690222783,5890,55660491,67194,634562292
2026/07/01,臺股期貨,外資及陸資,54357,512484562,55445,522765302,-1088,-10280740,5526,52203659,89694,847232264,-84168,-795028605
2026/07/02,臺股期貨,自營商,7514,70098107,5472,51144087,2042,18954019,8087,75529454,4404,41166023,3683,34363431
2026/07/02,臺股期貨,投信,153,1428155,937,8750214,-784,-7322059,72344,674335777,5934,55346320,66410,618989457
2026/07/02,臺股期貨,外資及陸資,72116,673218146,72383,675942850,-267,-2724705,4770,44480749,89257,832138161,-84487,-787657412
2026/07/03,臺股期貨,自營商,6902,63961116,7547,70285380,-645,-6324264,7819,73643562,4748,44743825,3071,28899737
2026/07/03,臺股期貨,投信,965,9073074,162,1519104,803,7553970,73101,687152298,5888,55383342,67213,631768956
2026/07/03,臺股期貨,外資及陸資,84770,786164437,81315,754354151,3455,31810286,6178,58097693,87230,820121380,-81052,-762023687
2026/07/06,臺股期貨,自營商,4071,38334094,4491,42319405,-420,-3985311,7201,67685444,4531,42610411,2670,25075033
2026/07/06,臺股期貨,投信,1149,10841142,1108,10411332,41,429810,73263,686887640,6009,56386795,67254,630500845
2026/07/06,臺股期貨,外資及陸資,48892,460442236,48000,452132325,892,8309911,6297,59069965,86384,810086464,-80087,-751016499
2026/07/07,臺股期貨,自營商,9599,89216796,8725,80801239,874,8415557,8255,75651750,4462,40918141,3793,34733609
2026/07/07,臺股期貨,投信,4144,38207227,3211,29580244,933,8626983,74373,679835781,6186,56594303,68187,623241478
2026/07/07,臺股期貨,外資及陸資,70707,658601916,70618,658215974,89,385942,6562,60012723,86604,791865413,-80042,-731852690
2026/07/08,臺股期貨,自營商,7150,65151892,7640,69701215,-490,-4549323,8047,73517922,4736,43283019,3311,30234903
2026/07/08,臺股期貨,投信,4698,43015043,2898,26436941,1800,16578102,76013,692985100,6026,54974391,69987,638010709
2026/07/08,臺股期貨,外資及陸資,80320,731920919,81515,743087474,-1195,-11166555,5632,51399559,86900,792463089,-81268,-741063530
2026/07/09,臺股期貨,自營商,7489,68392046,8439,77152690,-950,-8760643,7455,68296266,5212,47769736,2243,20526530
2026/07/09,臺股期貨,投信,7421,68185516,5719,52315804,1702,15869712,77706,710124202,6017,55009742,71689,655114460
2026/07/09,臺股期貨,外資及陸資,87694,798802069,87226,794995895,468,3806174,6562,60008754,87292,797925628,-80730,-737916874
2026/07/13,臺股期貨,自營商,10859,99670218,11802,108494241,-943,-8824023,7010,64181193,5740,52643090,1270,11538103
2026/07/13,臺股期貨,投信,38464,354122113,38359,350384134,105,3737979,77830,712836885,6036,55104188,71794,657732697
2026/07/13,臺股期貨,外資及陸資,115858,1062738070,116287,1069330042,-429,-6591972,10564,96449940,91630,838870243,-81066,-742420303
2026/07/14,臺股期貨,自營商,18415,165031400,17580,158013049,835,7018351,7573,68237918,5221,47125630,2352,21112288
2026/07/14,臺股期貨,投信,30931,277031117,28852,256845189,2079,20185928,79928,721505121,6055,54537257,73873,666967864
2026/07/14,臺股期貨,外資及陸資,130107,1166274183,132326,1187371511,-2219,-21097328,10732,96522287,94122,849133079,-83390,-752610792
2026/07/15,臺股期貨,自營商,8774,79913086,10717,97646365,-1943,-17733279,3941,36404678,4605,42508599,-664,-6103921
2026/07/15,臺股期貨,投信,6242,57219234,4469,40853445,1773,16365789,81601,751806333,5955,54864606,75646,696941727
2026/07/15,臺股期貨,外資及陸資,61727,561690489,60535,551182103,1192,10508385,7319,67433521,86876,800498844,-79557,-733065323
2026/07/16,臺股期貨,自營商,6015,54932418,4682,42872836,1333,12059582,5377,49252384,4720,43225525,657,6026859
2026/07/16,臺股期貨,投信,736,6735595,118,1081082,618,5654513,82210,751251422,5946,54335737,76264,696915685
2026/07/16,臺股期貨,外資及陸資,71374,652820513,74581,682079318,-3207,-29258805,5895,53873332,90348,825740742,-84453,-771867410
2026/07/17,臺股期貨,自營商,16071,141254728,12057,104446076,4014,36808652,8531,72821828,3865,33034244,4666,39787584
2026/07/17,臺股期貨,投信,626,5404052,1675,14324541,-1049,-8920490,81369,693328975,6154,52437003,75215,640891972
2026/07/17,臺股期貨,外資及陸資,94608,831968180,95415,840939545,-807,-8971364,6867,58518521,93056,793051616,-86189,-734533095
2026/07/20,臺股期貨,自營商,5897,50704025,7592,65276090,-1695,-14572065,7093,60637360,4119,35228147,2974,25409213
2026/07/20,臺股期貨,投信,222,1901270,2991,25630459,-2769,-23729189,78642,671005001,6196,52866750,72446,618138251
2026/07/20,臺股期貨,外資及陸資,99254,853672617,92693,797198998,6561,56473619,10496,89561715,88833,758082784,-78337,-668521069
2026/07/21,臺股期貨,自營商,3287,28840147,5051,44279922,-1764,-15439775,5607,49887061,4404,39169192,1203,10717869
2026/07/21,臺股期貨,投信,3184,28211991,60,525530,3124,27686461,81608,724271000,6038,53587250,75570,670683750
2026/07/21,臺股期貨,外資及陸資,60799,530469350,60997,532389732,-198,-1920382,9379,83243942,87869,779974121,-78490,-696730179
2026/07/22,臺股期貨,自營商,4593,41284814,4658,41905027,-65,-620213,5108,45727345,3969,35519201,1139,10208144
2026/07/22,臺股期貨,投信,461,4121525,408,3659512,53,462014,81796,730356484,6173,55118717,75623,675237767
2026/07/22,臺股期貨,外資及陸資,57256,514049610,56791,509804105,465,4245505,8455,75499303,85050,759539261,-76595,-684039958
2026/07/23,臺股期貨,自營商,3092,27719537,3497,31354626,-405,-3635089,4944,44527475,4205,37850415,739,6677060
2026/07/23,臺股期貨,投信,59,529773,190,1706614,-131,-1176841,81714,733987834,6222,55888493,75492,678099341
2026/07/23,臺股期貨,外資及陸資,51077,457679165,49680,445186121,1397,12493045,8155,73256259,83353,748837997,-75198,-675581738
2026/07/24,臺股期貨,自營商,6958,61349062,5421,47735722,1537,13613340,6543,57441056,4285,37623080,2258,19817976
2026/07/24,臺股期貨,投信,135,1193316,1789,15643857,-1654,-14450541,80216,702916765,6378,55889138,73838,647027627
2026/07/24,臺股期貨,外資及陸資,69751,615831080,70795,625297768,-1044,-9466688,7107,62281378,83367,730645145,-76260,-668363767
2026/07/27,臺股期貨,自營商,4163,36319394,4506,39391235,-343,-3071842,6543,57532131,4652,40896947,1891,16635184
2026/07/27,臺股期貨,投信,642,5616294,369,3229747,273,2386548,80139,703299864,6028,52901728,74111,650398136
2026/07/27,臺股期貨,外資及陸資,68092,594670149,69338,605548616,-1246,-10878466,6870,60297206,85569,751084731,-78699,-690787525
2026/07/28,臺股期貨,自營商,9484,80190749,8795,73974196,689,6216553,7675,63940834,5087,42365545,2588,21575289
2026/07/28,臺股期貨,投信,2080,17446952,1305,10872485,775,6574466,79411,660270701,4525,37623565,74886,622647136
2026/07/28,臺股期貨,外資及陸資,78517,668178106,81061,690521039,-2544,-22342933,7401,61556313,89656,745633614,-82255,-684077301
2026/07/29,臺股期貨,自營商,12186,98976083,11803,95988311,383,2987772,7399,59800062,4847,39158704,2552,20641358
2026/07/29,臺股期貨,投信,1407,11530316,1551,12513302,-144,-982986,78241,631060610,3499,28221534,74742,602839076
2026/07/29,臺股期貨,外資及陸資,112272,918607328,112797,922657025,-525,-4049697,11982,96678008,94767,764543287,-82785,-667865279
2026/07/30,臺股期貨,自營商,8948,72462872,9565,77393618,-617,-4930746,6991,56441635,4995,40306880,1996,16134755
2026/07/30,臺股期貨,投信,1291,10408120,176,1421729,1115,8986390,79257,638589500,3400,27394480,75857,611195020
2026/07/30,臺股期貨,外資及陸資,109127,883393887,107346,869072904,1781,14320983,13822,111431104,94839,764338993,-81017,-652907889
2026/07/31,臺股期貨,自營商,7583,65268505,11958,103260466,-4375,-37991961,4767,41802482,7144,62534469,-2377,-20731987
2026/07/31,臺股期貨,投信,9649,84376678,181,1576061,9468,82800618,88383,772944688,3058,26743433,85325,746201255
2026/07/31,臺股期貨,外資及陸資,79661,678072898,83953,715789471,-4292,-37716573,12704,111170593,95219,832927612,-82515,-721757019
2026/08/03,臺股期貨,自營商,7423,64263895,4323,37449511,3100,26814384,5669,49119554,4951,42861318,718,6258236
2026/08/03,臺股期貨,投信,220,1903211,1645,14234330,-1425,-12331119,87038,752339064,3138,27124244,83900,725214820
2026/08/03,臺股期貨,外資及陸資,81955,707370423,88051,760235407,-6096,-52864984,9876,85429314,99914,863829894,-90038,-778400580
2026/08/04,臺股期貨,自營商,7514,64610720,5888,50747168,1626,13863552,6692,58131573,4336,37648180,2356,20483393
2026/08/04,臺股期貨,投信,25,216715,1377,11916029,-1352,-11699314,85936,744961997,3388,29369894,82548,715592103
2026/08/04,臺股期貨,外資及陸資,75611,649048535,73456,630261099,2155,18787437,8626,74836350,96484,836586741,-87858,-761750391
2026/08/05,臺股期貨,自營商,5592,49737346,6620,58968155,-1028,-9230809,5799,51740665,4488,40029263,1311,11711402
2026/08/05,臺股期貨,投信,2277,20276694,250,2227337,2027,18049357,88007,783913552,3432,30570197,84575,753343355
2026/08/05,臺股期貨,外資及陸資,65578,582083199,66149,586998256,-571,-4915057,9180,81821890,96379,858631264,-87199,-776809374
2026/08/06,臺股期貨,自營商,4534,40089309,3235,28625200,1299,11464109,7060,62566503,4458,39505760,2602,23060743
2026/08/06,臺股期貨,投信,310,2748542,722,6391196,-412,-3642654,87666,775987798,3503,31007155,84163,744980643
2026/08/06,臺股期貨,外資及陸資,59873,529928712,61994,548737488,-2121,-18808776,8953,79285373,98336,870551296,-89383,-791265923
2026/08/07,臺股期貨,自營商,4645,41166476,4745,42099021,-100,-932545,7096,62977963,4584,40665358,2512,22312605
2026/08/07,臺股期貨,投信,1816,16089000,2902,25670789,-1086,-9581789,86632,767558195,3555,31495167,83077,736063028
2026/08/07,臺股期貨,外資及陸資,59846,530957391,58397,518142095,1449,12815296,8321,73785350,96232,852803933,-87911,-779018583
2026/08/10,臺股期貨,自營商,4024,36176276,4875,43869917,-851,-7693641,6056,54602055,4377,39437526,1679,15164529
2026/08/10,臺股期貨,投信,3247,29236242,2573,23122137,674,6114106,87299,785626192,3548,31924904,83751,753701288
2026/08/10,臺股期貨,外資及陸資,50220,450979549,51526,462687501,-1306,-11707952,9346,84162688,98547,887026456,-89201,-802863768
2026/08/11,臺股期貨,自營商,3500,31443780,3281,29497657,219,1946122,6390,57734626,4491,40552393,1899,17182233
2026/08/11,臺股期貨,投信,2578,23294421,2911,26227881,-333,-2933460,86966,784354760,3548,31992316,83418,752362444
2026/08/11,臺股期貨,外資及陸資,45714,410537826,45437,408092156,277,2445670,9385,84696768,98309,886838685,-88924,-802141917
2026/08/12,臺股期貨,自營商,5272,47861999,5872,53335660,-600,-5473661,5564,50778962,4325,39435459,1239,11343503
2026/08/12,臺股期貨,投信,3331,30360092,4366,39637899,-1035,-9277806,85931,782568521,3548,32298154,82383,750270367
2026/08/12,臺股期貨,外資及陸資,48988,444383293,46743,424053049,2245,20330245,10937,99659435,97570,888766736,-86633,-789107301
2026/08/13,臺股期貨,自營商,4521,41669318,5293,48807765,-772,-7138447,5276,48696455,4804,44287719,472,4408736
2026/08/13,臺股期貨,投信,4239,39158314,4295,39552752,-56,-394438,85702,789354698,3375,31066875,82327,758287823
2026/08/13,臺股期貨,外資及陸資,45646,420612710,45266,417173455,380,3439256,12073,111223337,98322,905767191,-86249,-794543854
2026/08/14,臺股期貨,自營商,6575,60564629,5587,51545265,988,9019364,5975,54873510,4511,41402391,1464,13471119
2026/08/14,臺股期貨,投信,6694,61765627,8686,79814524,-1992,-18048898,83794,768315380,3459,31692742,80335,736622638
2026/08/14,臺股期貨,外資及陸資,53049,489179432,52015,479972918,1034,9206514,12934,118590157,98113,899743988,-85179,-781153831
2026/08/17,臺股期貨,自營商,9298,85494793,9544,87860810,-246,-2366018,4884,44908704,3863,35543481,1021,9365223
2026/08/17,臺股期貨,投信,32094,296208228,34416,316462536,-2322,-20254308,81504,749158913,3491,32028315,78013,717130598
2026/08/17,臺股期貨,外資及陸資,75719,695737611,73965,680602285,1754,15135326,14587,133905716,98061,901234918,-83474,-767329202
2026/08/18,臺股期貨,自營商,10146,92544881,8742,79700274,1404,12844606,6197,55988248,3631,32833987,2566,23154261
2026/08/18,臺股期貨,投信,30174,274244819,32075,290831834,-1901,-16587015,79727,720288073,3615,32656509,76112,687631564
2026/08/18,臺股期貨,外資及陸資,83966,765068799,83498,761572354,468,3496445,16996,153347584,100074,903912519,-83078,-750564935
2026/08/19,臺股期貨,自營商,8335,74442962,8143,72750425,192,1692537,5957,53044169,3395,30256785,2562,22787384
2026/08/19,臺股期貨,投信,1024,9144362,2267,20197389,-1243,-11053027,78301,696878900,3512,31256800,74789,665622100
2026/08/19,臺股期貨,外資及陸資,57364,512657298,56615,505993163,749,6664135,6692,59563282,88193,784936135,-81501,-725372853
2026/08/20,臺股期貨,自營商,3303,29584100,3845,34474312,-542,-4890212,5674,50980315,3655,32861610,2019,18118705
2026/08/20,臺股期貨,投信,1110,9961577,74,664270,1036,9297307,79336,712484882,3511,31530887,75825,680953995
2026/08/20,臺股期貨,外資及陸資,51781,463903030,52682,471991184,-901,-8088153,6959,62500213,89382,802722542,-82423,-740222329
2026/08/21,臺股期貨,自營商,3530,31723637,3851,34638601,-321,-2914964,5096,46031209,3397,30705944,1699,15325265
2026/08/21,臺股期貨,投信,540,4873561,49,442229,491,4431333,79713,719617079,3397,30666757,76316,688950322
2026/08/21,臺股期貨,外資及陸資,50987,457493063,51191,459352744,-204,-1859681,6735,60805243,89329,806446757,-82594,-745641514
2026/08/24,臺股期貨,自營商,2899,26111179,2275,20478651,624,5632527,5559,49771511,3244,29069862,2315,20701649
2026/08/24,臺股期貨,投信,124,1111804,632,5650987,-508,-4539183,79244,709075312,3436,30745328,75808,678329984
2026/08/24,臺股期貨,外資及陸資,41988,378549737,41880,377616915,108,932823,6842,61227091,89371,799717724,-82529,-738490633
2026/08/25,臺股期貨,自營商,3914,34866304,3622,32345114,292,2521189,5693,51302323,3192,28786893,2501,22515430
2026/08/25,臺股期貨,投信,511,4599764,10,90096,501,4509668,79638,717251683,3329,29982306,76309,687269377
2026/08/25,臺股期貨,外資及陸資,48591,432934750,50471,449660568,-1880,-16725818,5030,45306669,90410,814294962,-85380,-768988293
2026/08/26,臺股期貨,自營商,3156,28692745,5822,53065426,-2666,-24372681,3499,32222511,3920,36104011,-421,-3881500
2026/08/26,臺股期貨,投信,1861,17113296,127,1166867,1734,15946429,81249,747539549,3206,29497124,78043,718042425
2026/08/26,臺股期貨,外資及陸資,49322,448414031,47663,433410600,1659,15003431,8657,79654767,92311,849346721,-83654,-769691954
2026/08/27,臺股期貨,自營商,4250,39216715,3456,31991249,794,7225465,4142,38191027,3766,34740294,376,3450733
2026/08/27,臺股期貨,投信,143,1318123,1352,12450009,-1209,-11131885,80120,738129536,3286,30273261,76834,707856275
2026/08/27,臺股期貨,外資及陸資,42656,393811125,43804,404278851,-1148,-10467726,6963,64155419,91799,845760921,-84836,-781605502
2026/08/28,臺股期貨,自營商,3568,33095667,3273,30368178,295,2727488,3992,37043191,3335,30956034,657,6087157
2026/08/28,臺股期貨,投信,39,361590,121,1121618,-82,-760027,80036,742045770,3284,30447278,76752,711598492
2026/08/28,臺股期貨,外資及陸資,41057,380540873,39920,369960716,1137,10580157,8732,80964376,92387,856598885,-83655,-775634509
2026/08/31,臺股期貨,自營商,4485,41110802,3512,32248490,973,8862312,4825,44401960,3216,29606572,1609,14795388
2026/08/31,臺股期貨,投信,18,165519,892,8200655,-874,-8035136,79165,727953841,3287,30225280,75878,697728561
2026/08/31,臺股期貨,外資及陸資,52523,482511017,51811,475946166,712,6564852,8105,74536023,91075,837527957,-82970,-762991934
2026/09/01,臺股期貨,自營商,4757,44545078,7162,66964212,-2405,-22419134,3092,29226123,4082,38567368,-990,-9341245
2026/09/01,臺股期貨,投信,488,4600380,339,3197337,149,1403043,79188,747550558,3161,29840472,76027,717710086
2026/09/01,臺股期貨,外資及陸資,48596,452776819,44345,413090513,4251,39686307,9797,92493924,88503,835548529,-78706,-743054605
2026/09/02,臺股期貨,自營商,6296,58579973,4076,37834482,2220,20745491,4543,41994275,3434,31745961,1109,10248314
2026/09/02,臺股期貨,投信,72,664723,1037,9575110,-965,-8910387,78292,722870036,3230,29822590,75062,693047446
2026/09/02,臺股期貨,外資及陸資,45798,426394040,50837,473603365,-5039,-47209325,6686,61742821,92015,849670379,-85329,-787927558
2026/09/03,臺股期貨,自營商,3855,35534585,3759,34672656,96,861929,4590,42115764,3456,31705501,1134,10410263
2026/09/03,臺股期貨,投信,20,183254,693,6349789,-673,-6166535,77604,711147535,3215,29461617,74389,681685918
2026/09/03,臺股期貨,外資及陸資,49814,459508575,46110,425413952,3704,34094623,7604,69694160,89179,817326312,-81575,-747632152
2026/09/04,臺股期貨,自營商,2970,27512773,4826,44807843,-1856,-17295069,3338,31240230,4035,37724951,-697,-6484721
2026/09/04,臺股期貨,投信,1823,17036279,38,355155,1785,16681124,79274,740561853,3100,28959580,76174,711602273
2026/09/04,臺股期貨,外資及陸資,49464,457657393,50344,465798096,-880,-8140703,8153,76177738,90542,845938656,-82389,-769760918
2026/09/07,臺股期貨,自營商,4688,44404749,6034,57072739,-1346,-12667991,2735,26018645,4780,45411710,-2045,-19393065
2026/09/07,臺股期貨,投信,354,3362234,1082,10265644,-728,-6903410,78538,745518093,3092,29350501,75446,716167592
2026/09/07,臺股期貨,外資及陸資,44188,416997746,42844,404347540,1344,12650207,10793,102479560,90192,856270658,-79399,-753791098
2026/09/08,臺股期貨,自營商,4821,45592059,3029,28647900,1792,16944160,3608,33952270,3788,35608779,-180,-1656509
2026/09/08,臺股期貨,投信,1668,15793103,2516,23696819,-848,-7903716,77729,730007669,3131,29403221,74598,700604448
2026/09/08,臺股期貨,外資及陸資,30614,289540610,33385,315860483,-2771,-26319873,10316,96913020,92578,869613753,-82262,-772700733
2026/09/09,臺股期貨,自營商,4523,42698922,4707,44518005,-184,-1819083,3336,31552812,3712,35062450,-376,-3509638
2026/09/09,臺股期貨,投信,2582,24514086,2361,22341615,221,2172471,77969,735833327,3150,29722140,74819,706111187
2026/09/09,臺股期貨,外資及陸資,47975,452852361,46811,441798577,1164,11053784,10526,99381297,91592,864555175,-81066,-765173878
2026/09/10,臺股期貨,自營商,5462,51132728,3819,35781101,1643,15351627,5007,47034113,3628,34051678,1379,12982435
2026/09/10,臺股期貨,投信,2243,21064029,2579,24135657,-336,-3071627,77635,727950787,3152,29546218,74483,698404569
2026/09/10,臺股期貨,外資及陸資,46008,430928638,48057,450182559,-2049,-19253921,8264,77543020,92182,864533721,-83918,-786990701
2026/09/11,臺股期貨,自營商,7854,72425131,6474,59768351,1380,12656780,6359,58854426,3557,32907993,2802,25946433
2026/09/11,臺股期貨,投信,6092,56342416,5888,54274470,204,2067945,77818,719256868,3131,28922299,74687,690334569
2026/09/11,臺股期貨,外資及陸資,56372,520388710,56740,523930805,-368,-3542096,8242,76271162,93309,862627166,-85067,-786356004