資料年月,子產業,樣本數,擴散度%,擴散度變化,相對強度60日%,後續20日平均報酬%,排名
11501,機殼導軌,5,80,,-18.4,+13.8,1
11501,記憶體,14,79,,+16.8,+16.8,2
11501,先進封裝設備,13,62,,+9.6,+33.7,3
11501,散熱,9,56,,-13.8,+7.6,4
11501,伺服器ODM,11,55,,-27.3,-0.6,5
11501,探針卡測試介面,4,50,,+88.5,+30.8,6
11501,PCB設備,4,50,,+4.5,+28.7,7
11501,機器人自動化,4,50,,-2.6,-6.9,8
11501,PCB_CCL,13,46,,+29.6,+17.7,9
11501,PCB耗材材料,5,40,,+41.5,+4.0,10
11501,電源,5,40,,+4.0,-3.1,11
11501,封裝測試,7,29,,+16.8,-2.8,12
11501,半導體設備材料,11,27,,-2.4,+5.0,13
11501,IC設計_ASIC,11,27,,-14.3,+4.8,14
11501,光通訊_CPO,9,22,,+46.8,+25.6,15
11501,網通交換器,10,20,,+1.7,+14.9,16
11501,功率半導體,10,10,,-18.8,+5.4,17
11501,晶圓代工,4,0,,+26.4,-4.0,18
11501,檢測分析,2,0,,+2.6,+63.5,19
11501,連接器線材,6,0,,-5.9,+10.7,20
11501,重電電網,7,0,,-7.6,-9.8,21
11501,航運,5,0,,-14.9,+6.0,22
11501,被動元件,5,0,,-21.6,+2.4,23
11501,導線架封裝材料,3,0,,-24.9,+0.9,24
11502,機殼導軌,5,80,+0,-12.7,+29.1,1
11502,記憶體,14,71,-7,+42.6,+6.5,2
11502,先進封裝設備,13,62,+0,+27.3,+38.7,3
11502,PCB耗材材料,5,60,+20,+50.1,+22.0,4
11502,探針卡測試介面,4,50,+0,+82.0,+31.3,5
11502,機器人自動化,4,50,+0,-6.1,+5.2,6
11502,伺服器ODM,11,45,-9,-28.0,+1.9,7
11502,散熱,9,44,-11,-7.1,+5.6,8
11502,封裝測試,7,29,+0,+16.1,+15.6,9
11502,半導體設備材料,11,27,+0,+3.9,+7.7,10
11502,PCB設備,4,25,-25,+27.9,+61.4,11
11502,PCB_CCL,13,23,-23,+38.3,+31.5,12
11502,網通交換器,10,20,+0,+4.5,+16.9,13
11502,電源,5,20,-20,-9.2,+14.1,14
11502,IC設計_ASIC,11,18,-9,-13.3,+3.4,15
11502,光通訊_CPO,9,11,-11,+53.6,+35.2,16
11502,功率半導體,10,10,+0,-12.7,+5.6,17
11502,檢測分析,2,0,+0,+41.5,+65.1,18
11502,晶圓代工,4,0,+0,+26.3,-0.1,19
11502,連接器線材,6,0,+0,-2.1,+11.7,20
11502,重電電網,7,0,+0,-10.3,-8.1,21
11502,航運,5,0,+0,-14.7,-1.0,22
11502,被動元件,5,0,+0,-16.2,+14.7,23
11502,導線架封裝材料,3,0,+0,-25.4,+22.4,24
11503,PCB耗材材料,5,80,+20,+61.1,+25.8,1
11503,機殼導軌,5,80,+0,+38.0,+35.0,2
11503,記憶體,14,71,+0,+16.8,+34.1,3
11503,探針卡測試介面,4,50,+0,+154.7,+19.4,4
11503,機器人自動化,4,50,+0,+6.9,+45.9,5
11503,先進封裝設備,13,46,-15,+71.0,+17.1,6
11503,散熱,9,44,+0,+4.6,+5.2,7
11503,半導體設備材料,11,36,+9,-3.1,+20.9,8
11503,伺服器ODM,11,36,-9,-20.9,+16.4,9
11503,封裝測試,7,29,+0,+25.2,+30.8,10
11503,IC設計_ASIC,11,27,+9,+0.3,+53.2,11
11503,PCB設備,4,25,+0,+82.9,+21.3,12
11503,PCB_CCL,13,23,+0,+77.0,+29.8,13
11503,光通訊_CPO,9,22,+11,+96.2,+18.8,14
11503,網通交換器,10,20,+0,+35.7,+1.8,15
11503,電源,5,20,+0,+11.3,+27.0,16
11503,航運,5,20,+20,-7.5,-0.4,17
11503,功率半導體,10,10,+0,+2.7,+33.2,18
11503,檢測分析,2,0,+0,+178.6,+11.4,19
11503,連接器線材,6,0,+0,+10.7,+19.8,20
11503,被動元件,5,0,+0,+10.5,+32.5,21
11503,導線架封裝材料,3,0,+0,+8.9,+29.9,22
11503,晶圓代工,4,0,+0,+8.0,+34.1,23
11503,重電電網,7,0,+0,-16.8,+7.9,24
11504,PCB耗材材料,5,80,+0,+59.4,-3.9,1
11504,記憶體,14,79,+7,+6.1,+0.7,2
11504,機器人自動化,4,75,+25,+20.0,-10.2,3
11504,散熱,9,56,+11,-2.0,+1.4,4
11504,伺服器ODM,11,55,+18,-8.8,+10.0,5
11504,PCB設備,4,50,+25,+125.4,-5.2,6
11504,探針卡測試介面,4,50,+0,+111.0,-11.6,7
11504,先進封裝設備,13,46,+0,+70.9,-8.8,8
11504,機殼導軌,5,40,-40,+66.6,+1.7,9
11504,電源,5,40,+20,+17.1,-6.8,10
11504,PCB_CCL,13,38,+15,+64.8,+7.2,11
11504,半導體設備材料,11,36,+0,+7.4,+3.7,12
11504,網通交換器,10,30,+10,-2.8,+2.9,13
11504,封裝測試,7,29,+0,+37.0,+5.8,14
11504,IC設計_ASIC,11,27,+0,+37.9,-9.6,15
11504,光通訊_CPO,9,22,+0,+68.8,-4.6,16
11504,重電電網,7,14,+14,-39.0,+1.1,17
11504,功率半導體,10,10,+0,+9.6,+8.4,18
11504,檢測分析,2,0,+0,+170.0,-21.9,19
11504,被動元件,5,0,+0,+29.9,+93.3,20
11504,連接器線材,6,0,+0,+18.6,+6.2,21
11504,導線架封裝材料,3,0,+0,+17.7,+16.1,22
11504,晶圓代工,4,0,+0,-7.9,+6.9,23
11504,航運,5,0,-20,-23.0,+2.5,24
11505,PCB耗材材料,5,80,+0,+24.7,-9.8,1
11505,記憶體,14,79,+0,+4.2,+20.1,2
11505,探針卡測試介面,4,75,+25,+2.1,-1.0,3
11505,PCB設備,4,50,+0,+28.6,+3.5,4
11505,機器人自動化,4,50,-25,+3.3,+1.2,5
11505,半導體設備材料,11,45,+9,+7.5,+16.6,6
11505,伺服器ODM,11,45,-9,-5.0,-1.8,7
11505,光通訊_CPO,9,44,+22,-5.5,-7.3,8
11505,散熱,9,44,-11,-24.0,-6.7,9
11505,機殼導軌,5,40,+0,+35.2,+4.9,10
11505,電源,5,40,+0,-1.0,-1.3,11
11505,PCB_CCL,13,38,+0,+41.7,+6.5,12
11505,先進封裝設備,13,38,-8,+2.7,-3.7,13
11505,網通交換器,10,30,+0,-10.3,-0.1,14
11505,封裝測試,7,29,+0,+45.5,+14.6,15
11505,IC設計_ASIC,11,27,+0,+13.5,+0.1,16
11505,晶圓代工,4,25,+25,+12.2,+12.2,17
11505,功率半導體,10,20,+10,+12.0,+31.2,18
11505,航運,5,20,+20,-29.6,-3.0,19
11505,被動元件,5,0,+0,+219.5,+6.9,20
11505,導線架封裝材料,3,0,+0,+44.4,+5.7,21
11505,檢測分析,2,0,+0,+19.5,-13.5,22
11505,連接器線材,6,0,+0,+13.6,-3.5,23
11505,重電電網,7,0,-14,-28.8,+1.5,24
11506,PCB耗材材料,5,80,+0,-17.6,-18.4,1
11506,記憶體,14,79,+0,+46.2,-0.1,2
11506,探針卡測試介面,4,75,+0,-26.0,-9.4,3
11506,PCB_CCL,13,69,+31,+19.4,-7.1,4
11506,連接器線材,6,67,+67,+0.1,-0.0,5
11506,機殼導軌,5,60,+20,+17.2,+1.6,6
11506,散熱,9,56,+11,-32.6,+5.6,7
11506,半導體設備材料,11,55,+9,+25.5,-9.9,8
11506,伺服器ODM,11,55,+9,-3.2,+7.0,9
11506,晶圓代工,4,50,+25,+35.0,-9.0,10
11506,機器人自動化,4,50,+0,-10.5,+7.3,11
11506,PCB設備,4,50,+0,-16.1,-8.9,12
11506,先進封裝設備,13,46,+8,-28.8,-1.3,13
11506,電源,5,40,+0,-8.1,+3.1,14
11506,網通交換器,10,40,+10,-21.1,-4.9,15
11506,航運,5,40,+20,-23.7,+6.7,16
11506,導線架封裝材料,3,33,+33,+34.0,-15.4,17
11506,封裝測試,7,29,+0,+32.3,-11.6,18
11506,IC設計_ASIC,11,27,+0,+4.8,+2.5,19
11506,光通訊_CPO,9,22,-22,-32.6,+6.6,20
11506,被動元件,5,20,+20,+155.2,-31.6,21
11506,功率半導體,10,20,+0,+55.8,-20.8,22
11506,重電電網,7,0,+0,-17.6,-4.1,23
11506,檢測分析,2,0,+0,-53.2,-0.4,24
11507,伺服器ODM,11,82,+27,+5.1,-3.4,1
11507,機殼導軌,5,80,+20,+6.9,-6.1,2
11507,機器人自動化,5,80,+40,-20.9,-6.1,3
11507,PCB耗材材料,5,80,+0,-28.9,+2.5,4
11507,晶圓代工,4,75,+25,-6.1,+7.5,5
11507,探針卡測試介面,4,75,+0,-28.4,+11.3,6
11507,記憶體,15,73,+0,+4.0,+7.8,7
11507,半導體設備材料,11,73,+18,-2.8,-3.4,8
11507,導線架封裝材料,3,67,+33,-6.9,+15.3,9
11507,先進封裝設備,13,62,+15,-26.2,+4.9,10
11507,被動元件,5,60,+40,+41.0,+1.8,11
11507,PCB_CCL,15,60,+0,+6.7,+2.4,12
11507,封裝測試,7,57,+29,-5.4,-1.0,13
11507,航運,6,50,+17,+2.4,+14.1,14
11507,電源,6,50,+17,-8.7,+6.9,15
11507,網通交換器,10,50,+10,-14.1,-4.4,16
11507,PCB設備,4,50,+0,-26.9,+21.7,17
11507,散熱,9,44,-11,-10.1,+14.0,18
11507,連接器線材,7,43,-14,+0.1,-4.8,19
11507,光通訊_CPO,10,30,+10,-18.5,+21.6,20
11507,IC設計_ASIC,12,25,+0,-11.6,+3.8,21
11507,功率半導體,10,20,+0,-0.7,-3.7,22
11507,重電電網,7,0,+0,-6.9,+1.6,23
11507,檢測分析,2,0,+0,-46.0,+41.0,24
11508,機器人自動化,5,100,+20,-0.9,,1
11508,被動元件,5,100,+40,-39.2,,2
11508,封裝測試,7,86,+29,-8.6,,3
11508,航運,6,83,+33,+22.9,,4
11508,機殼導軌,5,80,+0,+8.0,,5
11508,光通訊_CPO,10,80,+50,+1.5,,6
11508,PCB耗材材料,5,80,+0,-23.5,,7
11508,先進封裝設備,13,77,+15,-13.3,,8
11508,晶圓代工,4,75,+0,+0.0,,9
11508,PCB設備,4,75,+25,-3.7,,10
11508,探針卡測試介面,4,75,+0,-27.8,,11
11508,記憶體,15,73,+0,+3.3,,12
11508,PCB_CCL,15,73,+13,-3.6,,13
11508,伺服器ODM,11,73,-9,-7.0,,14
11508,導線架封裝材料,3,67,+0,+3.1,,15
11508,網通交換器,10,60,+10,-14.5,,16
11508,連接器線材,7,57,+14,-11.6,,17
11508,半導體設備材料,11,55,-18,-5.6,,18
11508,散熱,9,44,+0,+9.0,,19
11508,電源,6,33,-17,+4.8,,20
11508,IC設計_ASIC,12,33,+8,-3.2,,21
11508,功率半導體,10,20,+0,-13.6,,22
11508,檢測分析,2,0,+0,+6.7,,23
11508,重電電網,7,0,+0,-7.3,,24
